ID,Remarks,Time,Geometry,Latitude,Longitude,X,Y,Elevation,Ortho Height,Instrument Ht,Fix ID,Speed,Bearing,Horizontal Accuracy,Vertical Accuracy,PDOP,HDOP,VDOP,Satellites in View,Satellites in Use,Averaged Count,Start Time,feature_id,name,category,verified,remarks,collector,date_collected,contact_info,opening_hours,operating_status,location_description,street,barangay,subcategory
1,,09/29/2026 18:07:25.000 GMT+08:00,POINT Z (121.552578883 14.116246833 472.940),14.11624683,121.5525789,343756.017,1561064.092,472.94,0,0,1,0.062,118.017,3.79,2.5,0.8,0.5,0.7,39,36,10,09/29/2026 18:07:16.000 GMT+08:00,LUC_B04_001,ZUREA Hotel,Accommodation,Yes,,"ARELLANO, Arvin, L.",29/09/2026,,,Open,,Conception,Barangay 4,Hotel
2,,09/29/2026 18:11:12.000 GMT+08:00,POINT Z (121.552381452 14.116294144 476.513),14.11629414,121.5523815,343734.733,1561069.457,476.513,0,0,1,0.108,127.627,3.79,2.5,1,0.7,0.8,39,25,189,09/29/2026 18:08:04.000 GMT+08:00,LUC_B04_002,,Retail,Yes,,"ARELLANO, Arvin, L.",29/09/2026,9393211820,5:30am - 8:00pm,open,,Conception,Barangay 4,Other
3,,09/29/2026 18:13:37.000 GMT+08:00,POINT Z (121.552138169 14.116414050 477.598),14.11641405,121.5521382,343708.549,1561082.884,477.598,0,0,1,0.289,127.993,3.79,2.735,1.7,1.5,0.9,35,23,126,09/29/2026 18:11:32.000 GMT+08:00,LUC_B04_003,,Retail,Yes,,"ERINCO, Raphael Joshua, V.",29/09/2026,,,Open,,Conception,Barangay 4,Sari Sari Store
4,,09/29/2026 18:15:40.000 GMT+08:00,POINT Z (121.552052656 14.116446086 473.396),14.11644609,121.5520527,343699.338,1561086.485,473.396,0,0,1,0.124,132.442,3.79,2.5,1.6,1.4,0.9,34,31,123,09/29/2026 18:13:38.000 GMT+08:00,LUC_B04_004,,Personal Services,Yes,,"ERINCO, Raphael Joshua V.",29/09/2026,,,Open,,Conception,Barangay 4,Barbershop
5,,09/29/2026 18:18:05.000 GMT+08:00,POINT Z (121.552009757 14.116468076 474.929),14.11646808,121.5520098,343694.721,1561088.946,474.929,0,0,1,0.022,124.318,9.935,2.5,1.1,0.8,0.7,33,29,7,09/29/2026 18:17:59.000 GMT+08:00,LUC_B04_005,Irene's Sewing Shop,Personal Services,Yes,,"ERINCO, Raphael Joshua V.",29/09/2026,,,open,Near barbershop,Conception,Barangay 4,Other
6,,09/29/2026 18:25:40.000 GMT+08:00,POINT Z (121.551796903 14.116352392 472.200),14.11635239,121.5517969,343671.661,1561076.29,472.2,0,0,1,0,52.065,9.935,2.5,0.8,0.5,0.7,31,31,6,09/29/2026 18:25:35.000 GMT+08:00,LUC_B04_006,Gigie Store,Retail,Yes,,"ARELLANO, Arvin
 L.",29/09/2026,,6:00am - 9:00pm,Open,,H. Dator,Barangay 4,Sari Sari Store
7,,09/29/2026 18:27:44.000 GMT+08:00,POINT Z (121.551692853 14.115730587 482.142),14.11573059,121.5516929,343660.003,1561007.571,482.142,0,0,1,0.194,222.765,3.79,2.5,1,0.6,0.8,33,29,76,09/29/2026 18:26:29.000 GMT+08:00,LUC_B04_007,,Retail,Yes,,"ERINCO, Raphael Joshua V.",29/09/2026,,,Open,,H. Dator,Barangay 4,Sari Sari Store
8,,09/29/2026 18:29:51.000 GMT+08:00,POINT Z (121.551964836 14.115573530 475.854),14.11557353,121.5519648,343689.261,1560990.015,475.854,0,0,1,0.279,65.315,3.79,2.5,1,0.6,0.8,31,29,101,09/29/2026 18:28:11.000 GMT+08:00,LUC_B04_008,,Retail,Yes,,"ARELLANO, Arvin L.",29/09/2026,,8:00am - 1:00am,Open,,H. Dator,Barangay 4,Sari Sari Store
9,,09/29/2026 18:33:13.000 GMT+08:00,POINT Z (121.551821296 14.116327983 482.438),14.11632798,121.5518213,343674.278,1561073.574,482.438,0,0,1,0.275,142.496,9.935,2.5,1.9,1.7,0.9,29,27,116,09/29/2026 18:31:18.000 GMT+08:00,LUC_B04_009,PrincesseA Travel and Tours,Tourism,Yes,,"ERINCO, Raphael Joshua V.",29/09/2026,9178081490,,Open,,Emilio Jacinto,Barangay 4,Tourism Service
10,,09/29/2026 18:34:10.000 GMT+08:00,POINT Z (121.551987940 14.116116656 488.249),14.11611666,121.5519879,343692.126,1561050.084,488.249,0,0,1,0.083,298.046,9.935,2.805,1.9,1.7,0.9,31,28,57,09/29/2026 18:33:14.000 GMT+08:00,LUC_B04_010,,Retail,Yes,,"ERINCO, Raphael Joshua V.",29/09/2026,,,Open,,Emilio Jacinto,Barangay 4,Sari Sari Store
11,,09/29/2026 18:35:10.000 GMT+08:00,POINT Z (121.552280127 14.115680571 479.357),14.11568057,121.5522801,343723.375,1561001.647,479.357,0,0,1,0.092,170.861,3.79,2.5,1,0.6,0.8,31,20,47,09/29/2026 18:34:24.000 GMT+08:00,LUC_B04_011,,Food and Dining,Yes,,"ERINCO, Raphael Joshua V.",29/09/2026,,,Open,,Emilio Jacinto,Barangay 4,Eatery
12,,09/29/2026 18:36:27.000 GMT+08:00,POINT Z (121.552434548 14.115336561 477.771),14.11533656,121.5524345,343739.813,1560963.487,477.771,0,0,1,0.211,222.046,3.79,2.5,1,0.6,0.8,28,19,56,09/29/2026 18:35:32.000 GMT+08:00,LUC_B04_012,,Retail,Yes,,"ERINCO, Raphael Joshua V.",29/09/2026,,,Open,,Emilio Jacinto,Barangay 4,Sari Sari Store
13,,09/29/2026 18:39:52.000 GMT+08:00,POINT Z (121.552767789 14.115650795 451.300),14.1156508,121.5527678,343776.006,1560998.028,451.3,0,0,1,0.056,162.548,3.883,3.92,0.9,0.5,0.7,34,31,11,09/29/2026 18:39:42.000 GMT+08:00,LUC_B04_013,Y2K gaming hub,Professional Services,Yes,,"ARELLANO, Arvin L.",29/09/2026,,,Open,,Gomburza,Barangay 4,Computer Shop
14,,09/29/2026 18:41:39.000 GMT+08:00,POINT Z (121.552798494 14.115269283 467.800),14.11526928,121.5527985,343779.062,1560955.802,467.8,0,0,1,0.103,40.963,9.935,3.048,1,0.6,0.8,31,29,6,09/29/2026 18:41:34.000 GMT+08:00,LUC_B04_014,Ester Sari-Sari Store,Retail,Yes,,"ARELLANO, Arvin L.",29/09/2026,,,Open,,Gomburza,Barangay 4,Sari Sari Store
15,,09/29/2026 18:42:44.000 GMT+08:00,POINT Z (121.552702083 14.115088703 473.000),14.1150887,121.5527021,343768.529,1560935.889,473,0,0,1,0,184.239,3.79,2.5,0.8,0.5,0.6,34,32,5,09/29/2026 18:42:40.000 GMT+08:00,LUC_B04_015,Campville's Bakery,Food and Dining,Yes,,"ARELLANO, Arvin L.",29/09/2026,,,Open,,Gomburza,Barangay 4,Bakery
16,,09/29/2026 18:43:55.000 GMT+08:00,POINT Z (121.552710747 14.115085102 473.868),14.1150851,121.5527107,343769.462,1560935.485,473.868,0,0,1,0.04,76.183,3.79,2.5,1.1,0.8,0.8,35,31,71,09/29/2026 18:42:45.000 GMT+08:00,LUC_B04_016,Camilon Dental Clinic,Health,Yes,,"ERINCO, Raphael Joshua V.",29/09/2026,9178998133,,Closed,,Gomburza,Barangay 4,Dental Clinic
17,,09/29/2026 18:45:16.000 GMT+08:00,POINT Z (121.552686350 14.114976550 475.460),14.11497655,121.5526864,343766.754,1560923.493,475.46,0,0,1,0.062,150.138,3.79,2.5,0.9,0.5,0.7,34,28,5,09/29/2026 18:45:12.000 GMT+08:00,LUC_B04_017,Angelwash Laundromat,Professional Services,Yes,,"ERINCO, Raphael Joshua V.",29/09/2026,9089811653,7:00am - 5:00pm,Closed,,Gomburza,Barangay 4,Laundry
18,,09/29/2026 18:47:21.000 GMT+08:00,POINT Z (121.552758132 14.115303224 475.292),14.11530322,121.5527581,343774.727,1560959.584,475.292,0,0,1,0.111,74.897,3.79,2.5,1,0.7,0.7,35,33,84,09/29/2026 18:45:58.000 GMT+08:00,LUC_B04_018,Evardz,Food and Dining,Yes,,"ERINCO, Raphael Joshua V.",29/09/2026,9502721032,11:00am - 10:00pm,Closed,,Emilio Jacinto,Barangay 4,Restaurant
19,,09/29/2026 18:49:51.000 GMT+08:00,POINT Z (121.552824350 14.115535096 476.800),14.1155351,121.5528244,343782.034,1560985.191,476.8,0,0,1,0,74.1,3.79,2.5,0.9,0.6,0.7,32,22,4,09/29/2026 18:49:48.000 GMT+08:00,LUC_B04_019,Springlife Water,Other,Yes,,"ARELLANO, Arvin L.",29/09/2026,,,Open,,Gomburza,Barangay 4,Other
20,,09/29/2026 18:51:21.000 GMT+08:00,POINT Z (121.552808275 14.115535072 477.231),14.11553507,121.5528083,343780.299,1560985.199,477.231,0,0,1,0.145,101.756,3.79,2.5,1.3,1,0.8,34,33,90,09/29/2026 18:49:52.000 GMT+08:00,LUC_B04_020,Pearl Vigil Hall Memorial Homes,Other,Yes,,"ERINCO, Raphael Joshua V.",29/09/2026,,24hrs,Open,,Gomburza,Barangay 1,Other
21,,09/29/2026 18:52:43.000 GMT+08:00,POINT Z (121.552861506 14.115573340 473.824),14.11557334,121.5528615,343786.072,1560989.397,473.824,0,0,1,0.233,204.107,3.79,2.5,0.8,0.5,0.6,32,32,82,09/29/2026 18:51:22.000 GMT+08:00,LUC_B04_021,,Retail,Yes,,"ARELLANO, Arvin L.",29/09/2026,,,Open,,San Luis,Barangay 4,Sari Sari Store
22,,09/29/2026 18:53:58.000 GMT+08:00,POINT Z (121.552858027 14.115603422 474.949),14.11560342,121.552858,343785.717,1560992.728,474.949,0,0,1,0.08,277.434,3.79,2.5,0.8,0.5,0.6,33,32,75,09/29/2026 18:52:44.000 GMT+08:00,LUC_B04_003,Bahay Pamahalaan ng Barangay 4,Government,Yes,,"ERINCO, Raphael Joshua V.",29/09/2026,,,Open,,Gomburza,Barangay 4,Barangay Office
23,,09/29/2026 18:54:47.000 GMT+08:00,POINT Z (121.552903717 14.115734628 477.900),14.11573463,121.5529037,343790.739,1561007.212,477.9,0,0,1,0.137,253.916,3.79,2.5,0.7,0.4,0.6,34,33,3,09/29/2026 18:54:45.000 GMT+08:00,LUC_B04_023,,Retail,Yes,,"ERINCO, Raphael Joshua V.",29/09/2026,,,Open,,Gomburza,Barangay 4,Sari Sari Store
24,,09/29/2026 18:56:18.000 GMT+08:00,POINT Z (121.552992003 14.115836670 478.368),14.11583667,121.552992,343800.341,1561018.442,478.368,0,0,1,0.242,165.716,3.79,2.5,1.2,0.9,0.9,35,31,91,09/29/2026 18:54:48.000 GMT+08:00,LUC_B04_024,Pancitan ni Kuya J,Food and Dining,Yes,,"ARELLANO, Arvin L.",29/09/2026,9551745669,,,,Gomburza,Barangay 4,Eatery
25,,09/29/2026 18:58:22.000 GMT+08:00,POINT Z (121.553097207 14.115889077 472.800),14.11588908,121.5530972,343811.735,1561024.17,472.8,0,0,1,0.062,134.52,3.79,2.5,1.5,1.3,0.8,33,30,5,09/29/2026 18:58:18.000 GMT+08:00,LUC_B04_025,SJ2 Sari-Sari Store,Retail,Yes,,"ERINCO, Raphael Joshua V.",29/09/2026,,,Open,,Conception,Barangay 4,Sari Sari Store
26,,09/29/2026 19:00:06.000 GMT+08:00,POINT Z (121.553221578 14.115676576 474.893),14.11567658,121.5532216,343825.018,1561000.579,474.893,0,0,1,0.186,246.974,3.79,2.5,1,0.7,0.7,31,30,55,09/29/2026 18:59:12.000 GMT+08:00,LUC_B04_026,SLDC Mart 3,Retail,Yes,,"ARELLANO, Arvin L.",29/09/2026,,,Open,,General Lukban Street,Barangay 4,Grocery
27,,09/29/2026 19:01:23.000 GMT+08:00,POINT Z (121.553181173 14.115734557 474.020),14.11573456,121.5531812,343820.695,1561007.02,474.02,0,0,1,0.617,287.236,3.79,2.5,0.8,0.5,0.6,31,28,5,09/29/2026 19:01:19.000 GMT+08:00,LUC_B04_027,SLDC Event Hall,Other,Yes,,"ERINCO, Raphael Joshua V.",29/09/2026,,,Open,,General Lukban,Barangay 4,Other
28,,09/29/2026 19:03:24.000 GMT+08:00,POINT Z (121.552999692 14.115261661 474.983),14.11526166,121.5529997,343800.779,1560954.825,474.983,0,0,1,0.626,280.258,3.79,2.5,0.8,0.5,0.6,29,29,6,09/29/2026 19:03:19.000 GMT+08:00,LUC_B04_028,Lipit Food House,Food and Dining,Yes,,"ERINCO, Raphael Joshua V.",29/09/2026,,,Open,,General Lukban,Barangay 4,Eatery
29,,09/29/2026 19:05:38.000 GMT+08:00,POINT Z (121.552897664 14.115050709 475.162),14.11505071,121.5528977,343789.62,1560931.556,475.162,0,0,1,0.121,242.04,3.79,2.677,0.9,0.5,0.7,31,30,110,09/29/2026 19:03:49.000 GMT+08:00,LUC_B04_029,SAN LUIS DEVELOPMENT COOPERATIVE,Financial,Yes,,"ARELLANO, Arvin L.",29/09/2026,(042) 540-4910,,Open,,General Lukban,Barangay 4,Other
30,,09/29/2026 19:06:45.000 GMT+08:00,POINT Z (121.552867997 14.115018972 478.100),14.11501897,121.552868,343786.395,1560928.065,478.1,0,0,1,0.24,246,3.79,2.5,0.8,0.5,0.6,31,30,6,09/29/2026 19:06:40.000 GMT+08:00,LUC_B04_030,SLDC MART2,Retail,Yes,,"ERINCO, Raphael Joshua V.",29/09/2026,,,Open,,General Lukban,Barangay 4,Grocery
31,,09/29/2026 19:08:44.000 GMT+08:00,POINT Z (121.552831265 14.115092943 480.427),14.11509294,121.5528313,343782.48,1560936.272,480.427,0,0,1,0.185,171.483,3.79,2.788,1,0.6,0.7,32,30,119,09/29/2026 19:06:46.000 GMT+08:00,LUC_B04_031,Cyrel Learning Center,Other,Yes,8 students per class,"ERINCO, Raphael Joshua V.",29/09/2026,9278854863,,Open,,Emilio Jacinto,Barangay 4,Other
32,,09/29/2026 19:10:24.000 GMT+08:00,POINT Z (121.552710334 14.115147262 481.775),14.11514726,121.5527103,343769.46,1560942.362,481.775,0,0,1,0.174,273.524,3.79,2.5,1.2,0.9,0.8,32,29,100,09/29/2026 19:08:45.000 GMT+08:00,LUC_B04_032,,Retail,Yes,,"ARELLANO, Arvin L.",29/09/2026,,,Open,,Emilio Jacinto,Barangay 4,Other
33,,09/29/2026 19:17:30.000 GMT+08:00,POINT Z (121.550531213 14.113175112 491.625),14.11317511,121.5505312,343532.84,1560725.639,491.625,0,0,1,0.18,323.49,3.79,2.5,1,0.7,0.7,34,26,4,09/29/2026 19:17:27.000 GMT+08:00,LUC_B04_033,,Retail,Yes,,"ERINCO, Raphael Joshua V.",29/09/2026,,,Open,,Gomburza,Barangay 4,Sari Sari Store
34,,09/29/2026 19:19:36.000 GMT+08:00,POINT Z (121.551581423 14.113751910 490.300),14.11375191,121.5515814,343646.623,1560788.749,490.3,0,0,1,0.566,120.591,3.79,2.5,0.8,0.4,0.6,37,35,5,09/29/2026 19:19:32.000 GMT+08:00,LUC_B04_034,,Retail,Yes,,"ARELLANO, Arvin L.",29/09/2026,,,Open,,Gomburza,Barangay 4,Sari Sari Store
35,,09/29/2026 19:23:08.000 GMT+08:00,POINT Z (121.552073277 14.114382234 482.392),14.11438223,121.5520733,343700.157,1560858.153,482.392,0,0,1,0.484,200.415,9.935,2.845,1.5,1.2,0.9,38,27,116,09/29/2026 19:21:13.000 GMT+08:00,LUC_B04_035,Pamilihang bayan ng Lucban,Retail,Yes,,"ERINCO, Raphael Joshua V.",29/09/2026,,,Open,,Gomburza,Barangay 4,Grocery
36,,09/29/2026 19:26:56.000 GMT+08:00,POINT Z (121.552162797 14.114006196 479.917),14.1140062,121.5521628,343709.566,1560816.493,479.917,0,0,1,0.124,268.791,3.79,2.5,0.9,0.6,0.7,38,35,87,09/29/2026 19:25:30.000 GMT+08:00,LUC_B04_036,CBQP,Financial,Yes,,"ERINCO, Raphael Joshua V.",29/09/2026,(042) 911-7332,,Open,,Marcos Tigla,Barangay 4,Bank
37,,09/29/2026 19:29:54.000 GMT+08:00,POINT Z (121.552185979 14.113689424 481.313),14.11368942,121.552186,343711.853,1560781.434,481.313,0,0,1,0.082,183.66,3.79,2.5,0.9,0.7,0.7,40,30,82,09/29/2026 19:28:33.000 GMT+08:00,LUC_B04_037,,Retail,Yes,,"ERINCO, Raphael Joshua V.",29/09/2026,,,Open,,General Lukban,Barangay 4,Sari Sari Store
38,,09/29/2026 19:32:41.000 GMT+08:00,POINT Z (121.552473404 14.114264836 484.815),14.11426484,121.5524734,343743.278,1560844.899,484.815,0,0,1,0.333,150.387,3.79,2.5,0.9,0.5,0.7,38,35,55,09/29/2026 19:31:47.000 GMT+08:00,LUC_B04_038,FVB Sari-Sari Store,Retail,Yes,,"ARELLANO, Arvin L.",29/09/2026,,,Open,,General Lukban,Barangay 4,Sari Sari Store
39,,09/29/2026 19:33:50.000 GMT+08:00,POINT Z (121.552389868 14.114290463 479.522),14.11429046,121.5523899,343734.276,1560847.79,479.522,0,0,1,0.4,252.767,3.79,2.5,0.9,0.6,0.7,38,34,69,09/29/2026 19:32:42.000 GMT+08:00,LUC_B04_039,,Retail,Yes,,"ERINCO, Raphael Joshua V.",29/09/2026,,,Open,,Fidel Rada,Barangay 4,Sari Sari Store
40,,09/29/2026 19:35:23.000 GMT+08:00,POINT Z (121.552327729 14.114298316 479.059),14.11429832,121.5523277,343727.572,1560848.7,479.059,0,0,1,0.019,260.292,9.935,2.5,0.9,0.6,0.7,39,37,93,09/29/2026 19:33:51.000 GMT+08:00,LUC_B04_040,"Baray's Lechon Pares, Mami At Silog",Food and Dining,Yes,,"ARELLANO, Arvin L.",29/09/2026,,,Open,,Fidel Rada,Barangay 4,Eatery
41,,10/01/2026 14:44:59.000 GMT+08:00,POINT Z (121.556228156 14.113424900 483.100),14.1134249,121.5562282,344148.099,1560749.485,483.1,0,0,1,0,213.389,3.79,2.5,1,0.7,0.7,25,18,3,10/01/2026 14:44:57.000 GMT+08:00,LUC_B08_001,Lucky Bookstore,Retail,Yes,,"ARELLANO, Arvin L.",01/10/2026,,,Open,,Balintawak,Barangay 8,Other
42,,10/01/2026 14:47:09.000 GMT+08:00,POINT Z (121.556145880 14.113277440 476.640),14.11327744,121.5561459,344139.115,1560733.226,476.64,0,0,1,0.041,196.088,3.79,2.5,0.9,0.6,0.7,31,28,5,10/01/2026 14:47:05.000 GMT+08:00,LUC_B08_002,Vasthara,Professional Services,Yes,,"APOSTOL, Janelle Mae A.",01/10/2026,9461808248,,Open,,Balintawak,Barangay 8,Other
43,,10/01/2026 14:49:19.000 GMT+08:00,POINT Z (121.555884811 14.113319499 474.140),14.1133195,121.5558848,344110.957,1560738.052,474.14,0,0,1,0.196,267.524,3.79,2.5,1.1,0.8,0.8,32,29,105,10/01/2026 14:47:35.000 GMT+08:00,LUC_B08_003,Patakim,Food and Dining,Yes,,"ERINCO, Raphael Joshua V.",01/10/2026,9369181981,,Open,,A. Racelis,Barangay 8,Restaurant
44,,10/01/2026 14:51:52.000 GMT+08:00,POINT Z (121.555766927 14.113401174 479.539),14.11340117,121.5557669,344098.284,1560747.166,479.539,0,0,1,0.113,166.822,9.935,2.5,1.1,0.8,0.8,28,25,153,10/01/2026 14:49:20.000 GMT+08:00,LUC_B08_004,Grynne's Flower Shop,Retail,Yes,,"ARELLANO, Arvin L.",01/10/2026,9060990011,,Open,,A. Racelis,Barangay 8,Other
45,,10/01/2026 14:53:21.000 GMT+08:00,POINT Z (121.555657036 14.113420007 476.391),14.11342001,121.555657,344086.433,1560749.322,476.391,0,0,1,0.254,113.904,3.79,2.5,0.9,0.6,0.7,26,25,89,10/01/2026 14:51:53.000 GMT+08:00,LUC_B08_005,,Retail,Yes,,"APOSTOL, Janelle Mae A.",01/10/2026,,,Open,,A. Racelis,Barangay 8,Sari Sari Store
46,,10/01/2026 14:54:39.000 GMT+08:00,POINT Z (121.555562029 14.113494177 474.809),14.11349418,121.555562,344076.225,1560757.591,474.809,0,0,1,0.261,102.615,3.79,2.5,1.3,0.9,0.8,27,25,78,10/01/2026 14:53:22.000 GMT+08:00,LUC_B08_006,MJD Shop,Retail,Yes,,"ERINCO, Raphael Joshua V.",01/10/2026,,,Open,,A. Racelis,Barangay 8,Clothing
47,,10/01/2026 14:56:27.000 GMT+08:00,POINT Z (121.555553082 14.113495000 474.625),14.113495,121.5555531,344075.26,1560757.688,474.625,0,0,1,0.12,63.006,3.79,2.5,1.1,0.8,0.8,27,25,108,10/01/2026 14:54:40.000 GMT+08:00,LUC_B08_007,Boyet Eatery,Food and Dining,Yes,,"ARELLANO, Arvin L.",01/10/2026,9158181011,,Open,,A. Racelis,Barangay 8,Eatery
48,,10/01/2026 14:57:57.000 GMT+08:00,POINT Z (121.555448418 14.113524932 478.921),14.11352493,121.5554484,344063.98,1560761.068,478.921,0,0,1,0.174,85.473,3.79,2.501,0.9,0.6,0.7,29,26,90,10/01/2026 14:56:28.000 GMT+08:00,LUC_B08_008,,Retail,Yes,,"APOSTOL, Janelle Mae A.",01/10/2026,,,Open,,A. Racelis,Barangay 8,Clothing
49,,10/01/2026 14:59:37.000 GMT+08:00,POINT Z (121.555432183 14.113638068 474.653),14.11363807,121.5554322,344062.304,1560773.595,474.653,0,0,1,0.093,135.148,9.935,2.538,1.4,1,0.9,31,26,100,10/01/2026 14:57:58.000 GMT+08:00,LUC_B08_009,Cebuana Lhuillier,Financial,Yes,,"ARELLANO, Arvin L.",01/10/2026,,8:00am - 6:00pm,Open,,A. Racelis,Barangay 8,Pawnshop
50,,10/01/2026 15:01:22.000 GMT+08:00,POINT Z (121.555329576 14.113650438 472.170),14.11365044,121.5553296,344051.234,1560775.032,472.17,0,0,1,0.243,85.903,9.935,2.5,1,0.7,0.7,28,27,105,10/01/2026 14:59:38.000 GMT+08:00,LUC_B08_010,Atinto Travel and Tours,Tourism,Yes,,"ERINCO, Raphael Joshua V.",01/10/2026,,,Open,,,Barangay 8,Tourism Service
51,,10/01/2026 15:02:51.000 GMT+08:00,POINT Z (121.555273893 14.113630487 477.746),14.11363049,121.5552739,344045.209,1560772.862,477.746,0,0,1,0.095,52.501,10.224,3.508,1.4,1.1,0.9,27,27,89,10/01/2026 15:01:23.000 GMT+08:00,LUC_B08_021,Radyo Natin,Other,Yes,Radio station,"APOSTOL, Janelle Mae A.",01/10/2026,,,Open,,,Barangay 8,Other
52,,10/01/2026 15:04:30.000 GMT+08:00,POINT Z (121.555231593 14.113657922 479.772),14.11365792,121.5552316,344040.66,1560775.925,479.772,0,0,1,0.22,76.983,9.935,3.162,1.1,0.8,0.8,29,24,99,10/01/2026 15:02:52.000 GMT+08:00,LUC_B08_022,Arlene's Hall,Other,Yes,Event Hall,"ARELLANO, Arvin L.",,,,Open,,A. Racelis,Barangay 8,Other
53,,10/01/2026 15:07:02.000 GMT+08:00,POINT Z (121.555042059 14.113746549 480.659),14.11374655,121.5550421,344020.257,1560785.855,480.659,0,0,1,0.128,165.292,3.79,2.619,1.1,0.8,0.7,28,25,118,10/01/2026 15:05:05.000 GMT+08:00,LUC_B08_023,Mitzi,Professional Services,Yes,,"ERINCO, Raphael Joshua V.",01/10/2026,9613369143,8:00am - 5:00pm,Open,,A. Racelis,Barangay 8,Restaurant
54,,10/01/2026 15:08:26.000 GMT+08:00,POINT Z (121.554895748 14.113836109 476.969),14.11383611,121.5548957,344004.521,1560795.86,476.969,0,0,1,0.074,52.822,3.79,2.735,1.2,0.9,0.8,29,27,52,10/01/2026 15:07:35.000 GMT+08:00,LUC_B08_024,Buctil,Retail,Yes,,"APOSTOL, Janelle Mae A.",01/10/2026,,,Open,,A. Racelis,Barangay 8,Grocery
55,,10/01/2026 15:10:30.000 GMT+08:00,POINT Z (121.554588208 14.113981171 477.391),14.11398117,121.5545882,343971.415,1560812.112,477.391,0,0,1,0.389,275.871,9.935,2.965,1.2,0.9,0.8,28,26,124,10/01/2026 15:08:27.000 GMT+08:00,LUC_B08_025,Gold Fortune General Merchandise,Retail,Yes,,"ERINCO, Raphael Joshua V.",01/10/2026,,,Open,,A. Racelis,Barangay 1,Other
56,,10/01/2026 15:11:35.000 GMT+08:00,POINT Z (121.554459349 14.114022468 478.597),14.11402247,121.5544593,343957.531,1560816.766,478.597,0,0,1,0.116,262.306,9.935,2.668,1.2,0.9,0.8,28,18,65,10/01/2026 15:10:31.000 GMT+08:00,LUC_B08_026,Ven's Puto Seko,Retail,Yes,,"APOSTOL, Janelle Mae A.",01/10/2026,,,Open,,A. Racelis,Barangay 8,Bakery
57,,10/01/2026 15:12:47.000 GMT+08:00,POINT Z (121.554324003 14.114108310 473.268),14.11410831,121.554324,343942.976,1560826.353,473.268,0,0,1,0.368,275.185,9.935,2.831,1.2,0.9,0.9,27,24,72,10/01/2026 15:11:36.000 GMT+08:00,LUC_B08_027,Premium Bikes,Retail,Yes,,"ARELLANO, Arvin L.",01/10/2026,,,Open,,A. Racelis,Barangay 8,Other
58,,10/01/2026 15:14:01.000 GMT+08:00,POINT Z (121.554194101 14.114184097 470.428),14.1141841,121.5541941,343929.003,1560834.823,470.428,0,0,1,0.159,198.606,10.077,3.111,1.3,0.9,0.9,26,24,74,10/01/2026 15:12:48.000 GMT+08:00,LUC_B08_028,Hopee Beautify and Wellness Hub,Personal Services,Yes,,"ERINCO, Raphael Joshua V.",01/10/2026,,,Open,,A. Racelis,Barangay 8,Salon
59,,10/01/2026 15:15:11.000 GMT+08:00,POINT Z (121.554149113 14.114169396 469.656),14.1141694,121.5541491,343924.135,1560833.227,469.656,0,0,1,0.079,111.425,10.261,3.085,1.2,0.8,0.9,26,26,70,10/01/2026 15:14:02.000 GMT+08:00,LUC_B08_029,W.B Law Office,Professional Services,Yes,,"ERINCO, Raphael Joshua V.",01/10/2026,9604524793,,Open,,A. Racelis,Barangay 8,Office
60,,10/01/2026 15:16:15.000 GMT+08:00,POINT Z (121.554110847 14.114163160 468.331),14.11416316,121.5541108,343920,1560832.562,468.331,0,0,1,0.1,294.731,9.935,2.551,1.2,0.9,0.9,27,26,64,10/01/2026 15:15:12.000 GMT+08:00,LUC_B08_030,Fubu International,Retail,Yes,,"APOSTOL, Janelle Mae A.",01/10/2026,9985984349,,Open,,A. Racelis,Barangay 8,Clothing
61,,10/01/2026 15:17:49.000 GMT+08:00,POINT Z (121.554032817 14.114215517 469.367),14.11421552,121.5540328,343911.61,1560838.406,469.367,0,0,1,0.703,233.328,9.935,2.5,0.9,0.6,0.7,26,25,3,10/01/2026 15:17:47.000 GMT+08:00,LUC_B08_041,Baliwag,Retail,Yes,,"ARELLANO, Arvin L.",01/10/2026,,7:00am - 12:00am,Open,,A. Racelis,Barangay 1,Other
62,,10/01/2026 15:19:38.000 GMT+08:00,POINT Z (121.553917381 14.114289275 470.626),14.11428928,121.5539174,343899.197,1560846.643,470.626,0,0,1,0.134,106.836,9.935,3.196,1.3,0.9,0.8,30,29,109,10/01/2026 15:17:50.000 GMT+08:00,LUC_B08_042,Monday's fruit and vegetables,Retail,Yes,,"ERINCO, Raphael Joshua V.",01/10/2026,,7:30am - 8:00pm,Open,,A. Racelis,Barangay 1,Other
63,,10/01/2026 15:21:31.000 GMT+08:00,POINT Z (121.553909762 14.114406935 476.694),14.11440694,121.5539098,343898.455,1560859.664,476.694,0,0,1,0.176,98.626,10.374,3.613,1.3,0.9,0.8,27,26,113,10/01/2026 15:19:39.000 GMT+08:00,LUC_B08_043,,Retail,Yes,Ayaw sabihin name magagalitan daw si ate,"APOSTOL, Janelle Mae A.",01/10/2026,,,Open,,Mabini,Barangay 8,Clothing
64,,10/01/2026 15:22:32.000 GMT+08:00,POINT Z (121.553897600 14.114434391 479.503),14.11443439,121.5538976,343897.16,1560862.71,479.503,0,0,1,0.03,18.197,9.935,3.168,1,0.7,0.7,27,26,61,10/01/2026 15:21:32.000 GMT+08:00,LUC_B08_044,PackSmart,Retail,Yes,,"ARELLANO, Arvin L.",01/10/2026,,,Open,,Mabini,Barangay 8,Other
65,,10/01/2026 15:24:26.000 GMT+08:00,POINT Z (121.553960184 14.114483070 485.025),14.11448307,121.5539602,343903.951,1560868.053,485.025,0,0,1,0.191,121.128,48.016,18.33,4.7,4.6,1,28,21,88,10/01/2026 15:22:33.000 GMT+08:00,LUC_B08_065,Alfamart,Retail,Yes,,"ERINCO, Raphael Joshua V.",01/10/2026,,7:00am - 10:00pm,Open,,Mabini,Barangay 8,Grocery
66,,10/01/2026 15:28:10.000 GMT+08:00,POINT Z (121.554172637 14.114637063 480.620),14.11463706,121.5541726,343926.994,1560884.948,480.62,0,0,1,0.123,193.186,3.79,2.5,0.8,0.5,0.7,31,30,5,10/01/2026 15:28:06.000 GMT+08:00,LUC_B08_046,Southstar Drug,Health,Yes,,"APOSTOL, Janelle Mae A.",01/10/2026,,6:00am - 8:00pm,Open,,Quezon Avenue,Barangay 8,Pharmacy
67,,10/01/2026 15:29:17.000 GMT+08:00,POINT Z (121.554215382 14.114597106 481.470),14.11459711,121.5542154,343931.581,1560880.499,481.47,0,0,1,0.112,191.052,9.935,2.5,1.2,0.8,0.8,31,20,67,10/01/2026 15:28:11.000 GMT+08:00,LUC_B08_047,Ven's Puto Seko,Retail,Yes,,"ARELLANO, Arvin L.",01/10/2026,,,Open,,Quezon Avenue,Barangay 8,Bakery
68,,10/01/2026 15:31:00.000 GMT+08:00,POINT Z (121.554318112 14.114538735 481.484),14.11453874,121.5543181,343942.633,1560873.973,481.484,0,0,1,0.145,188.165,9.935,2.5,1.2,0.8,0.8,32,29,103,10/01/2026 15:29:18.000 GMT+08:00,LUC_B08_048,Lukban Telephone System,Professional Services,Yes,,"ERINCO, Raphael Joshua V.",01/10/2026,,8:00am - 5:00pm,Open,,Quezon Avenue,Barangay 8,Other
69,,10/01/2026 15:32:17.000 GMT+08:00,POINT Z (121.554375410 14.114511999 481.736),14.114512,121.5543754,343948.801,1560870.978,481.736,0,0,1,0.12,203.326,3.79,2.5,1.1,0.7,0.8,31,28,77,10/01/2026 15:31:01.000 GMT+08:00,LUC_B08_049,Edith Bookstore,Retail,Yes,,"APOSTOL, Janelle Mae A.",01/10/2026,,,Open,,Quezon Avenue,Barangay 8,Other
70,,10/01/2026 15:33:35.000 GMT+08:00,POINT Z (121.554446705 14.114450599 478.453),14.1144506,121.5544467,343956.457,1560864.138,478.453,0,0,1,0.139,200.01,9.935,2.5,1.1,0.7,0.8,31,27,78,10/01/2026 15:32:18.000 GMT+08:00,LUC_B08_050,Friespamore,Food and Dining,Yes,,"APOSTOL, Janelle Mae A.",01/10/2026,,,Open,,Quezon Avenue,Barangay 8,Other
71,,10/01/2026 15:35:01.000 GMT+08:00,POINT Z (121.554484385 14.114416220 478.097),14.11441622,121.5544844,343960.502,1560860.309,478.097,0,0,1,0.045,202.045,9.935,2.5,1.1,0.7,0.8,31,28,86,10/01/2026 15:33:36.000 GMT+08:00,LUC_B08_061,Pazalonia,Financial,Yes,,"ARELLANO, Arvin L.",01/10/2026,,,Open,,Quezon Avenue,Barangay 8,Pawnshop
72,,10/01/2026 15:36:30.000 GMT+08:00,POINT Z (121.554555357 14.114403830 480.360),14.11440383,121.5545554,343968.156,1560858.892,480.36,0,0,1,0.093,201.75,9.935,2.5,0.9,0.6,0.7,31,28,5,10/01/2026 15:36:26.000 GMT+08:00,LUC_B08_062,Ciamenzo,Professional Services,Yes,,"ERINCO, Raphael Joshua V.",01/10/2026,9289092552,,Open,,Quezon Avenue,Barangay 8,Printing Shop
73,,10/01/2026 15:37:52.000 GMT+08:00,POINT Z (121.554617511 14.114395849 478.456),14.11439585,121.5546175,343974.861,1560857.967,478.456,0,0,1,0.112,208.309,9.935,2.5,1.1,0.7,0.8,33,30,82,10/01/2026 15:36:31.000 GMT+08:00,LUC_B08_063,Zuhause Appliances,Retail,Yes,,"APOSTOL, Janelle Mae A.",01/10/2026,9171172389,,Open,,Quezon Avenue,Barangay 8,Electronics
74,,10/01/2026 15:38:55.000 GMT+08:00,POINT Z (121.554685881 14.114394555 475.692),14.11439456,121.5546859,343982.242,1560857.779,475.692,0,0,1,0.107,202.155,9.935,2.5,1.1,0.7,0.8,30,28,63,10/01/2026 15:37:53.000 GMT+08:00,LUC_B08_064,Turks,Food and Dining,Yes,,"ARELLANO, Arvin L.",01/10/2026,,,Open,,Quezon Avenue,Barangay 8,Restaurant
75,,10/01/2026 15:40:50.000 GMT+08:00,POINT Z (121.555079363 14.114223605 475.323),14.11422361,121.5550794,344024.609,1560838.606,475.323,0,0,1,0.165,199.609,3.79,2.642,0.9,0.6,0.7,31,28,39,10/01/2026 15:40:12.000 GMT+08:00,LUC_B08_065,Patio Rizal Hotel and Restaurant,Accommodation,Yes,,"ERINCO, Raphael Joshua V.",01/10/2026,,,Open,,Quezon Avenue,Barangay 8,Hotel
76,,10/01/2026 15:41:50.000 GMT+08:00,POINT Z (121.555153147 14.114161032 476.708),14.11416103,121.5551531,344032.533,1560831.634,476.708,0,0,1,0.183,192.858,9.935,2.598,1.1,0.8,0.8,31,28,60,10/01/2026 15:40:51.000 GMT+08:00,LUC_B08_066,Coffee Buddy,Food and Dining,Yes,,"APOSTOL, Janelle Mae A.",01/10/2026,,7:30am - 11:00pm,Open,,Quezon Avenue,Barangay 8,Cafe
77,,10/01/2026 15:43:45.000 GMT+08:00,POINT Z (121.555291097 14.114128940 477.060),14.11412894,121.5552911,344047.405,1560827.993,477.06,0,0,1,0.203,157.597,9.935,2.5,1,0.6,0.8,31,30,115,10/01/2026 15:41:51.000 GMT+08:00,LUC_B08_067,Quickloan Pawnshop,Financial,Yes,,"ARELLANO, Arvin L.",01/10/2026,,8:30am - 5:30pm,Open,,Quezon Avenue,Barangay 8,Pawnshop
78,,10/01/2026 15:44:44.000 GMT+08:00,POINT Z (121.555341796 14.114067969 477.468),14.11406797,121.5553418,344052.838,1560821.214,477.468,0,0,1,0.061,76.313,9.935,2.678,0.9,0.6,0.8,32,29,59,10/01/2026 15:43:46.000 GMT+08:00,LUC_B08_068,Haven's Brew,Food and Dining,Yes,,"ARELLANO, Arvin L.",01/10/2026,9989580472,,Open,,Quezon Avenue,Barangay 8,Cafe
79,,10/01/2026 15:45:57.000 GMT+08:00,POINT Z (121.555372638 14.114042470 475.414),14.11404247,121.5553726,344056.15,1560818.372,475.414,0,0,1,0.087,74.534,9.935,2.5,1.1,0.8,0.8,32,29,73,10/01/2026 15:44:45.000 GMT+08:00,LUC_B08_069,The Craft House,Retail,Yes,,"ERINCO, Raphael Joshua V.",01/10/2026,,,Closed,,Quezon Avenue,Barangay 8,Other
80,,10/01/2026 15:47:16.000 GMT+08:00,POINT Z (121.555407173 14.114011911 475.676),14.11401191,121.5554072,344059.858,1560814.969,475.676,0,0,1,0.076,84.559,3.79,2.602,1,0.7,0.8,33,32,79,10/01/2026 15:45:58.000 GMT+08:00,LUC_B08_070,NYJ Gadgets,Professional Services,Yes,,"ERINCO, Raphael Joshua V.",01/10/2026,,,Open,,Quezon Avenue,Barangay 8,Electronics
81,,10/01/2026 15:48:39.000 GMT+08:00,POINT Z (121.555431523 14.113984860 477.176),14.11398486,121.5554315,344062.469,1560811.96,477.176,0,0,1,0.049,170.585,3.79,2.5,1.1,0.7,0.8,34,33,83,10/01/2026 15:47:17.000 GMT+08:00,LUC_B08_081,Green Telcom,Retail,Yes,,"APOSTOL, Janelle Mae A.",01/10/2026,,,Open,,Quezon Avenue,Barangay 8,Electronics
82,,10/01/2026 15:48:40.000 GMT+08:00,POINT Z (121.555459767 14.113968633 477.100),14.11396863,121.5554598,344065.507,1560810.146,477.1,0,0,1,0.72,103.614,3.79,2.5,0.8,0.5,0.6,26,25,1,10/01/2026 15:48:40.000 GMT+08:00,LUC_B08_082,WASD Computer Shop,Professional Services,Yes,,"ARELLANO, Arvin L.",01/10/2026,9307165100,,Open,,Quezon Avenue,Barangay 8,Computer Shop
83,,10/01/2026 15:52:47.000 GMT+08:00,POINT Z (121.555630883 14.113987521 480.550),14.11398752,121.5556309,344083.995,1560812.122,480.55,0,0,1,0.103,44.164,3.79,2.5,1,0.7,0.8,29,26,4,10/01/2026 15:52:44.000 GMT+08:00,LUC_B08_083,3's Maria's Panaderya,Retail,Yes,,"ERINCO, Raphael Joshua V.",01/10/2026,,24hrs,Open,,Quezon Avenue,Barangay 8,Bakery
84,,10/01/2026 15:54:14.000 GMT+08:00,POINT Z (121.555707531 14.113953326 477.354),14.11395333,121.5557075,344092.247,1560808.288,477.354,0,0,1,0.093,112.54,9.935,2.5,1.2,0.9,0.8,30,30,87,10/01/2026 15:52:48.000 GMT+08:00,LUC_B08_084,Laguador's Longganisa Lukban,Retail,Yes,,"APOSTOL, Janelle Mae A.",01/10/2026,,,Open,,Quezon Avenue,Barangay 8,Other
85,,10/01/2026 16:34:05.000 GMT+08:00,POINT Z (121.555734638 14.113760655 474.101),14.11376066,121.5557346,344095.043,1560786.956,474.101,0,0,1,0.017,87.541,10.232,5.978,1,0.6,0.8,36,29,70,10/01/2026 16:32:56.000 GMT+08:00,LUC_B08_085,Red Ribbon,Retail,Yes,,"APOSTOL, Janelle Mae A.",01/10/2026,,8:00am - 8:00pm,Open,,Quezon Avenue,Barangay 8,Bakery
86,,10/01/2026 16:35:18.000 GMT+08:00,POINT Z (121.555804247 14.113841989 478.782),14.11384199,121.5558042,344102.614,1560795.907,478.782,0,0,1,0.092,175.308,10.04,3.149,1.7,1.5,0.8,36,30,73,10/01/2026 16:34:06.000 GMT+08:00,LUC_B08_086,JL Salon Spa,Personal Services,Yes,,"ARELLANO, Arvin L.",01/10/2026,,,Open,,Quezon Avenue,Barangay 8,Salon
87,,10/01/2026 16:36:08.000 GMT+08:00,POINT Z (121.555818193 14.113869517 479.002),14.11386952,121.5558182,344104.138,1560798.943,479.002,0,0,1,0.105,80.215,9.935,2.5,1.7,1.5,0.9,33,29,50,10/01/2026 16:35:19.000 GMT+08:00,LUC_B08_087,Marella,Retail,Yes,,"ERINCO, Raphael Joshua V.",01/10/2026,,,Open,,Quezon Avenue,Barangay 8,Clothing
88,,10/01/2026 16:37:23.000 GMT+08:00,POINT Z (121.555836096 14.113850722 476.872),14.11385072,121.5558361,344106.058,1560796.852,476.872,0,0,1,0.037,102.673,9.935,2.818,0.9,0.6,0.7,33,30,75,10/01/2026 16:36:09.000 GMT+08:00,LUC_B08_088,Franca's Beef Pares ATBP,Food and Dining,Yes,,"APOSTOL, Janelle Mae A.",01/10/2026,(042) 540-4547,,Open,,Quezon Avenue,Barangay 8,Restaurant
89,,10/01/2026 16:38:34.000 GMT+08:00,POINT Z (121.555895544 14.113835664 477.758),14.11383566,121.5558955,344112.466,1560795.147,477.758,0,0,1,0.175,102.518,10.15,3.005,1.4,1.2,0.8,35,30,71,10/01/2026 16:37:24.000 GMT+08:00,LUC_B08_089,,Retail,Yes,Ukayan tapat watson,"ARELLANO, Arvin L.",01/10/2026,,,Open,,Quezon Avenue,Barangay 8,Clothing
90,,10/01/2026 16:39:44.000 GMT+08:00,POINT Z (121.555951590 14.113868686 477.963),14.11386869,121.5559516,344118.54,1560798.763,477.963,0,0,1,0.107,100.348,9.935,2.866,1.5,1.2,0.8,36,31,70,10/01/2026 16:38:35.000 GMT+08:00,LUC_B08_090,Sav's Korean Mart,Food and Dining,Yes,,"ERINCO, Raphael Joshua V.",01/10/2026,,,Open,,Quezon Avenue,Barangay 8,Restaurant
91,,10/01/2026 16:40:59.000 GMT+08:00,POINT Z (121.556033853 14.113843670 479.540),14.11384367,121.5560339,344127.405,1560795.941,479.54,0,0,1,0.103,85.149,9.935,2.5,1.1,0.8,0.7,34,30,5,10/01/2026 16:40:55.000 GMT+08:00,LUC_B08_101,Rural Bank of Mauban,Financial,Yes,,"APOSTOL, Janelle Mae A.",01/10/2026,,8:00am - 4:00pm,Open,,Quezon Avenue,Barangay 8,Bank
92,,10/01/2026 16:42:44.000 GMT+08:00,POINT Z (121.556065211 14.113830000 472.184),14.11383,121.5560652,344130.781,1560794.408,472.184,0,0,1,0.15,224.457,9.935,2.5,1.5,1.2,0.8,37,29,105,10/01/2026 16:41:00.000 GMT+08:00,LUC_B08_102,Vivar Salon,Personal Services,Yes,,"ARELLANO, Arvin L.",01/10/2026,,,Open,,Quezon Avenue,Barangay 8,Salon
93,,10/01/2026 16:43:25.000 GMT+08:00,POINT Z (121.556069370 14.113840607 469.340),14.11384061,121.5560694,344131.237,1560795.578,469.34,0,0,1,0.175,79.202,3.79,2.5,0.9,0.5,0.7,32,26,5,10/01/2026 16:43:21.000 GMT+08:00,LUC_B08_103,,Retail,Yes,,"ERINCO, Raphael Joshua V.",01/10/2026,,,Open,,Quezon Avenue,Barangay 8,Other
94,,10/01/2026 16:44:26.000 GMT+08:00,POINT Z (121.556094267 14.113814927 470.540),14.11381493,121.5560943,344133.908,1560792.721,470.54,0,0,1,0,95.339,9.935,2.5,1,0.6,0.8,32,24,5,10/01/2026 16:44:22.000 GMT+08:00,LUC_B08_104,Macaraan Computer Shop,Professional Services,Yes,,"APOSTOL, Janelle Mae A.",01/10/2026,(042) 540-7037,,Open,,Quezon Avenue,Barangay 8,Computer Shop
95,,10/01/2026 16:45:47.000 GMT+08:00,POINT Z (121.556266277 14.113802717 468.460),14.11380272,121.5562663,344152.471,1560791.256,468.46,0,0,1,0.062,117.619,10.365,3.8,1.5,1.3,0.8,30,27,5,10/01/2026 16:45:43.000 GMT+08:00,LUC_B08_105,Viewers Digital Solution,Retail,Yes,,"APOSTOL, Janelle Mae A.",01/10/2026,,,Open,,Quezon Avenue,Barangay 8,Electronics
96,,10/01/2026 16:46:56.000 GMT+08:00,POINT Z (121.556341563 14.113775209 468.222),14.11377521,121.5563416,344160.581,1560788.163,468.222,0,0,1,0.16,46.331,10.809,5.386,1,0.7,0.8,34,32,69,10/01/2026 16:45:48.000 GMT+08:00,LUC_B08_106,Laguador's Meat Shop,Retail,Yes,,"ARELLANO, Arvin L.",01/10/2026,,,Open,,Balintawak,Barangay 8,Other
97,,10/01/2026 16:48:54.000 GMT+08:00,POINT Z (121.556409589 14.113922253 478.283),14.11392225,121.5564096,344168.026,1560804.385,478.283,0,0,1,0.129,90.727,3.79,2.67,0.9,0.5,0.7,35,31,6,10/01/2026 16:48:49.000 GMT+08:00,LUC_B08_107,Shiela's Frozen Product,Retail,Yes,,"ERINCO, Raphael Joshua V.",01/10/2026,,,Open,,San Luis,Barangay 8,Other
98,,10/01/2026 16:49:54.000 GMT+08:00,POINT Z (121.556360439 14.113932757 481.453),14.11393276,121.5563604,344162.726,1560805.58,481.453,0,0,1,0.139,152.805,3.79,3.028,1,0.6,0.8,35,34,60,10/01/2026 16:48:55.000 GMT+08:00,LUC_B08_108,Pahiyas Samu't-Sari,Retail,Yes,,"APOSTOL, Janelle Mae A.",01/10/2026,,,Open,,San Luis,Barangay 8,Souvenir
99,,10/01/2026 16:51:47.000 GMT+08:00,POINT Z (121.556207393 14.113953950 483.980),14.11395395,121.5562074,344146.217,1560808.026,483.98,0,0,1,0.586,271.164,10.251,3.468,1,0.6,0.8,34,26,10,10/01/2026 16:51:38.000 GMT+08:00,LUC_B08_109,Bogart's Jumbo Siomai,Food and Dining,Yes,,"APOSTOL, Janelle Mae A.",01/10/2026,,,Open,,San Luis,Barangay 8,Other
100,,10/01/2026 16:52:45.000 GMT+08:00,POINT Z (121.556154297 14.114011283 484.200),14.11401128,121.5561543,344140.523,1560814.404,484.2,0,0,1,0.144,344.389,9.935,2.5,0.9,0.5,0.7,34,29,5,10/01/2026 16:52:41.000 GMT+08:00,LUC_B08_110,,Retail,Yes,,"ARELLANO, Arvin L.",01/10/2026,,,Open,,San Luis,Barangay 8,Clothing
101,,10/01/2026 16:54:29.000 GMT+08:00,POINT Z (121.555842143 14.114113083 481.680),14.11411308,121.5558421,344106.89,1560825.873,481.68,0,0,1,0.278,326.586,9.935,2.5,1,0.6,0.8,33,26,5,10/01/2026 16:54:25.000 GMT+08:00,LUC_B08_121,JDO Dental Clinic,Health,Yes,,"ERINCO, Raphael Joshua V.",01/10/2026,9859676688,,Open,,San Luis,Barangay 8,Dental Clinic
102,,10/01/2026 16:56:35.000 GMT+08:00,POINT Z (121.555683527 14.114278367 483.480),14.11427837,121.5556835,344089.877,1560844.263,483.48,0,0,1,0.34,208.913,3.79,2.5,1.1,0.7,0.8,34,31,5,10/01/2026 16:56:31.000 GMT+08:00,LUC_B08_122,Raneses Store,Retail,Yes,,"APOSTOL, Janelle Mae A.",01/10/2026,,,Open,,San Luis,Barangay 8,Sari Sari Store
103,,10/01/2026 16:58:13.000 GMT+08:00,POINT Z (121.555653980 14.114245593 483.700),14.11424559,121.555654,344086.664,1560840.657,483.7,0,0,1,0,164.863,9.935,2.5,0.9,0.5,0.7,33,29,5,10/01/2026 16:58:09.000 GMT+08:00,LUC_B08_123,SchoolBox School and Office Supplies,Retail,Yes,,"ARELLANO, Arvin L.",01/10/2026,,,Open,,San Luis,Barangay 8,Other
104,,10/01/2026 17:00:19.000 GMT+08:00,POINT Z (121.555420890 14.114405220 483.100),14.11440522,121.5554209,344061.607,1560858.47,483.1,0,0,1,0.185,94.328,3.79,2.5,0.9,0.5,0.7,34,30,5,10/01/2026 17:00:15.000 GMT+08:00,LUC_B08_124,Mustiola's of Lucban,Food and Dining,Yes,,"ERINCO, Raphael Joshua V.",01/10/2026,,,Open,,A. Regidor,Barangay 8,Restaurant
105,,10/01/2026 17:02:14.000 GMT+08:00,POINT Z (121.555370760 14.114579967 474.500),14.11457997,121.5553708,344056.313,1560877.836,474.5,0,0,1,0.062,81.023,3.79,2.619,1,0.7,0.8,31,29,5,10/01/2026 17:02:10.000 GMT+08:00,LUC_B08_125,ADZ Printing Shop,Professional Services,Yes,,"APOSTOL, Janelle Mae A.",01/10/2026,9994937959,,Open,,A. Regidor,Barangay 8,Printing Shop
106,,10/01/2026 17:03:45.000 GMT+08:00,POINT Z (121.555389732 14.114594768 476.890),14.11459477,121.5553897,344058.371,1560879.46,476.89,0,0,1,0.34,147.766,3.79,2.5,1.1,0.7,0.8,30,24,10,10/01/2026 17:03:36.000 GMT+08:00,LUC_B08_126,Octo Takoyaki,Food and Dining,Yes,,"ARELLANO, Arvin L.",01/10/2026,,,Open,,A. Regidor,Barangay 8,Other
107,,10/01/2026 17:05:06.000 GMT+08:00,POINT Z (121.555413187 14.114675163 481.740),14.11467516,121.5554132,344060.959,1560888.339,481.74,0,0,1,0.247,41.7,3.79,2.5,0.9,0.5,0.7,31,25,5,10/01/2026 17:05:02.000 GMT+08:00,LUC_B08_127,Chrisford Sizzler Zone,Food and Dining,Yes,Ai sizzler,"ERINCO, Raphael Joshua V.",01/10/2026,(042) 540-5251,,Open,,A. Regidor,Barangay 8,Restaurant
108,,10/01/2026 17:07:50.000 GMT+08:00,POINT Z (121.555093747 14.114491853 482.483),14.11449185,121.5550937,344026.345,1560868.272,482.483,0,0,1,0.24,60.627,3.79,2.5,0.8,0.5,0.7,32,30,6,10/01/2026 17:07:45.000 GMT+08:00,LUC_B08_128,Lucban Academy,Other,Yes,,"APOSTOL, Janelle Mae A.",01/10/2026,,,Open,,San Luis,Barangay 8,Other
109,,10/01/2026 17:09:55.000 GMT+08:00,POINT Z (121.554909593 14.114595797 489.460),14.1145958,121.5549096,344006.533,1560879.893,489.46,0,0,1,0.051,174.049,9.935,2.5,0.8,0.5,0.7,31,28,5,10/01/2026 17:09:51.000 GMT+08:00,LUC_B08_129,Igo's Rodrigo's Breadhouse,Food and Dining,Yes,,"APOSTOL, Janelle Mae A.",01/10/2026,,,Open,,San Luis,Barangay 8,Cafe
110,,10/01/2026 17:12:26.000 GMT+08:00,POINT Z (121.554871760 14.114664379 488.743),14.11466438,121.5548718,344002.495,1560887.505,488.743,0,0,1,0.265,75.345,3.79,2.5,1,0.6,0.7,31,27,7,10/01/2026 17:12:20.000 GMT+08:00,LUC_B08_130,Pavino's Bakery,Food and Dining,Yes,,"APOSTOL, Janelle Mae A.",01/10/2026,,,Open,,Rizal Avenue,Barangay 8,Bakery
111,,10/01/2026 17:14:21.000 GMT+08:00,POINT Z (121.554950923 14.114790967 483.800),14.11479097,121.5549509,344011.128,1560901.457,483.8,0,0,1,0,61.148,9.935,2.887,0.9,0.5,0.7,30,28,5,10/01/2026 17:14:17.000 GMT+08:00,LUC_B08_141,Save Health & Meds Generic Pharmacy,Health,Yes,,"ARELLANO, Arvin L.",01/10/2026,(042) 540-6177,7:00am - 8:00pm,Open,,Rizal Avenue,Barangay 8,Pharmacy
112,,10/01/2026 17:15:52.000 GMT+08:00,POINT Z (121.555020027 14.114922737 478.500),14.11492274,121.55502,344018.679,1560915.988,478.5,0,0,1,0.206,161.45,3.79,2.5,1.1,0.7,0.8,27,23,5,10/01/2026 17:15:48.000 GMT+08:00,LUC_B08_142,Raquel Pawnshop,Financial,Yes,,"ERINCO, Raphael Joshua V.",01/10/2026,,,Open,,Rizal Avenue,Barangay 8,Pawnshop
113,,10/01/2026 17:17:18.000 GMT+08:00,POINT Z (121.555070063 14.114974397 479.300),14.1149744,121.5550701,344024.116,1560921.67,479.3,0,0,1,0.144,78.815,3.79,2.5,1.1,0.7,0.8,30,25,5,10/01/2026 17:17:14.000 GMT+08:00,LUC_B08_143,Clinica Rivera Maternity & Surgical Clinic,Health,Yes,,"APOSTOL, Janelle Mae A.",01/10/2026,,2:00pm - 5:00pm,Open,,Rizal Avenue,Barangay 8,Clinic
114,,10/01/2026 17:18:39.000 GMT+08:00,POINT Z (121.555043500 14.114946693 474.120),14.11494669,121.5550435,344021.229,1560918.623,474.12,0,0,1,0.041,266.244,3.79,3.379,0.9,0.5,0.7,31,29,5,10/01/2026 17:18:35.000 GMT+08:00,LUC_B08_144,Barola's Fruit Stand,Food and Dining,Yes,,"ARELLANO, Arvin L.",01/10/2026,,,Open,,Rizal Avenue,Barangay 8,Other
115,,10/01/2026 17:19:31.000 GMT+08:00,POINT Z (121.555030027 14.114869443 475.440),14.11486944,121.55503,344019.722,1560910.086,475.44,0,0,1,0.288,229.887,9.935,3.099,0.9,0.5,0.7,32,29,5,10/01/2026 17:19:27.000 GMT+08:00,LUC_B08_145,Travel Specialist Ventures,Tourism,Yes,,"ERINCO, Raphael Joshua V.",01/10/2026,,,Open,,Rizal Avenue,Barangay 8,Tourism Service
116,,10/01/2026 17:20:42.000 GMT+08:00,POINT Z (121.554983860 14.114831870 474.800),14.11483187,121.5549839,344014.712,1560905.96,474.8,0,0,1,0,307.875,9.935,2.707,1,0.6,0.8,32,25,5,10/01/2026 17:20:38.000 GMT+08:00,LUC_B08_146,Onyok's Bulaluhan,Food and Dining,Yes,,"APOSTOL, Janelle Mae A.",01/10/2026,,,Open,,Rizal Avenue,Barangay 8,Restaurant
117,,10/01/2026 17:22:05.000 GMT+08:00,POINT Z (121.554897940 14.114703490 483.780),14.11470349,121.5548979,344005.348,1560891.815,483.78,0,0,1,0.093,284.732,9.935,3.342,0.8,0.5,0.7,29,28,5,10/01/2026 17:22:01.000 GMT+08:00,LUC_B08_147,UCPB,Financial,Yes,,"ERINCO, Raphael Joshua V.",01/10/2026,8555-1088,9:00am - 4:00pm,Open,,Rizal Avenue,Barangay 8,Bank
118,,10/01/2026 17:24:03.000 GMT+08:00,POINT Z (121.554802371 14.114472119 477.414),14.11447212,121.5548024,343994.872,1560866.282,477.414,0,0,1,0.081,162.409,9.935,2.516,0.8,0.5,0.7,29,27,7,10/01/2026 17:23:57.000 GMT+08:00,LUC_B08_148,VEVE,Personal Services,Yes,,"APOSTOL, Janelle Mae A.",01/10/2026,9435261800,,Open,,Rizal Avenue,Barangay 8,Salon
119,,10/01/2026 17:25:00.000 GMT+08:00,POINT Z (121.554847583 14.114421992 479.800),14.11442199,121.5548476,343999.719,1560860.707,479.8,0,0,1,0.032,269.471,10.775,3.748,0.9,0.6,0.7,31,27,8,10/01/2026 17:24:53.000 GMT+08:00,LUC_B08_149,Potato Corner,Food and Dining,Yes,,"ARELLANO, Arvin L.",01/10/2026,,,Open,,Rizal Avenue,Barangay 8,Other
120,,10/01/2026 17:26:52.000 GMT+08:00,POINT Z (121.554689003 14.114674157 482.300),14.11467416,121.554689,343982.77,1560888.708,482.3,0,0,1,0.381,145.784,3.79,3.08,0.9,0.5,0.7,37,31,5,10/01/2026 17:26:48.000 GMT+08:00,LUC_B08_150,Vangie's Longganisang Lucban,Food and Dining,Yes,,"ARELLANO, Arvin L.",01/10/2026,,,Open,,San Luis,Barangay 8,Restaurant
121,,10/01/2026 17:41:11.000 GMT+08:00,POINT Z (121.554616797 14.114738503 484.083),14.1147385,121.5546168,343975.017,1560895.875,484.083,0,0,1,0,337.736,9.935,2.5,1,0.7,0.8,30,24,6,10/01/2026 17:41:06.000 GMT+08:00,LUC_B08_131,Klinika Araña,Health,Yes,,"ERINCO, Raphael Joshua V.",01/10/2026,,10:00am - 6:00pm,Open,,San Luis,Barangay 8,Clinic
122,,10/01/2026 17:42:52.000 GMT+08:00,POINT Z (121.554601283 14.114748247 488.160),14.11474825,121.5546013,343973.349,1560896.963,488.16,0,0,1,0.288,115.753,3.79,2.5,0.9,0.6,0.7,36,30,5,10/01/2026 17:42:48.000 GMT+08:00,LUC_B08_132,Mags Skin Spa,Personal Services,Yes,,"APOSTOL, Janelle Mae A.",01/10/2026,9764462171,,Open,,San Luis,Barangay 8,Salon
123,,10/01/2026 17:44:10.000 GMT+08:00,POINT Z (121.554605964 14.114744142 490.171),14.11474414,121.554606,343973.852,1560896.506,490.171,0,0,1,0.287,212.569,9.935,3.399,1,0.7,0.7,35,23,14,10/01/2026 17:43:57.000 GMT+08:00,LUC_B08_133,Old Center,Food and Dining,Yes,,"ARELLANO, Arvin L.",01/10/2026,,,Open,,San Luis,Barangay 8,Restaurant
124,,10/01/2026 17:45:49.000 GMT+08:00,POINT Z (121.554533148 14.114796790 493.071),14.11479679,121.5545331,343966.026,1560902.378,493.071,0,0,1,0.162,137.332,3.79,2.693,0.9,0.6,0.7,33,24,14,10/01/2026 17:45:36.000 GMT+08:00,LUC_B08_134,Northpoint,Financial,Yes,,"ERINCO, Raphael Joshua V.",01/10/2026,,9:00am - 4:00pm,Open,,San Luis,Barangay 8,Bank
125,,10/01/2026 17:47:41.000 GMT+08:00,POINT Z (121.554450543 14.114812283 494.320),14.11481228,121.5544505,343957.118,1560904.147,494.32,0,0,1,0.144,259.248,9.935,2.5,0.9,0.6,0.7,31,22,5,10/01/2026 17:47:37.000 GMT+08:00,LUC_B08_135,Ocean Photocopier,Professional Services,Yes,,"APOSTOL, Janelle Mae A.",01/10/2026,,,Open,,San Luis,Barangay 8,Printing Shop
126,,10/01/2026 17:48:52.000 GMT+08:00,POINT Z (121.554410119 14.114825099 485.933),14.1148251,121.5544101,343952.762,1560905.592,485.933,0,0,1,0.415,241.635,10.089,2.822,0.9,0.6,0.7,33,22,15,10/01/2026 17:48:38.000 GMT+08:00,LUC_B08_136,Blue Petals Beauty Salon,Personal Services,Yes,,"ARELLANO, Arvin L.",01/10/2026,,,Open,,San Luis,Barangay 8,Salon
127,,10/01/2026 17:50:54.000 GMT+08:00,POINT Z (121.554333087 14.114851240 480.980),14.11485124,121.5543331,343944.463,1560908.535,480.98,0,0,1,0.525,273.132,9.935,2.5,0.9,0.6,0.6,31,23,5,10/01/2026 17:50:50.000 GMT+08:00,LUC_B08_137,Rosman Pharmacy,Health,Yes,,"ARELLANO, Arvin L.",01/10/2026,,,Open,,San Luis,Barangay 8,Pharmacy
128,,10/01/2026 17:52:36.000 GMT+08:00,POINT Z (121.554355124 14.114984045 484.586),14.11498405,121.5543551,343946.932,1560923.212,484.586,0,0,1,0.176,164.771,3.79,2.5,0.8,0.5,0.6,32,28,7,10/01/2026 17:52:30.000 GMT+08:00,LUC_B08_138,Mary Grace Floral Expression,Retail,Yes,,"ARELLANO, Arvin L.",01/10/2026,,,Open,,Mabini,Barangay 8,Other
129,,10/01/2026 17:53:41.000 GMT+08:00,POINT Z (121.554399283 14.115067477 481.140),14.11506748,121.5543993,343951.757,1560932.413,481.14,0,0,1,0.082,110.26,3.79,2.5,0.9,0.6,0.7,29,26,5,10/01/2026 17:53:37.000 GMT+08:00,LUC_B08_139,Keritoh,Food and Dining,Yes,,"ERINCO, Raphael Joshua V.",01/10/2026,,,Open,,Mabini,Barangay 8,Other
130,,10/01/2026 17:56:19.000 GMT+08:00,POINT Z (121.554406180 14.115259457 481.760),14.11525946,121.5544062,343952.632,1560953.646,481.76,0,0,1,0.134,201.738,3.79,2.5,0.9,0.5,0.7,28,27,5,10/01/2026 17:56:15.000 GMT+08:00,LUC_B08_140,Kemmi,Food and Dining,Yes,,"APOSTOL, Janelle Mae A.",01/10/2026,,,Open,,Mabini,Barangay 8,Other
131,,10/01/2026 18:05:29.000 GMT+08:00,POINT Z (121.553054739 14.115181386 480.433),14.11518139,121.5530547,343806.668,1560945.908,480.433,0,0,1,0.317,59.696,3.79,2.5,0.8,0.5,0.6,33,30,6,10/01/2026 18:05:24.000 GMT+08:00,LUC_B08_151,,Retail,Yes,,"APOSTOL, Janelle Mae A.",01/10/2026,,,Open,,Gen Lukban,Barangay 8,Sari Sari Store
132,,10/01/2026 18:07:20.000 GMT+08:00,POINT Z (121.552877113 14.114952483 488.060),14.11495248,121.5528771,343787.334,1560920.703,488.06,0,0,1,0.062,118.98,9.935,2.5,0.8,0.5,0.7,30,26,5,10/01/2026 18:07:16.000 GMT+08:00,LUC_B08_152,Acqua Sicuro,Retail,Yes,,"ARELLANO, Arvin L.",01/10/2026,,,Open,,Gen Lukban,Barangay 8,Other
133,,10/01/2026 18:08:50.000 GMT+08:00,POINT Z (121.552780330 14.114693500 484.700),14.1146935,121.5527803,343776.708,1560892.117,484.7,0,0,1,0,79.429,10.208,4.087,0.8,0.5,0.6,30,25,5,10/01/2026 18:08:46.000 GMT+08:00,LUC_B08_153,Carlos Super Drug,Health,Yes,,"ERINCO, Raphael Joshua V.",01/10/2026,,7:00am - 8:00pm,open,,Racelis,Barangay 8,Pharmacy
134,,10/01/2026 18:10:26.000 GMT+08:00,POINT Z (121.552890243 14.114643433 495.120),14.11464343,121.5528902,343788.541,1560886.505,495.12,0,0,1,0.051,89.441,9.935,2.882,0.8,0.5,0.6,30,27,5,10/01/2026 18:10:22.000 GMT+08:00,LUC_B08_154,Badiola Lozada Optometry & Medical Clinic,Health,Yes,,"ERINCO, Raphael Joshua V.",01/10/2026,9196312215,,Open,,Racelis,Barangay 8,Clinic
135,,10/01/2026 18:12:26.000 GMT+08:00,POINT Z (121.552966090 14.114624163 498.300),14.11462416,121.5529661,343796.717,1560884.323,498.3,0,0,1,0,95.731,9.935,2.5,0.9,0.6,0.7,23,19,5,10/01/2026 18:12:22.000 GMT+08:00,LUC_B08_157,Angel's Heart,Other,Yes,sarado na,"APOSTOL, Janelle Mae A.",01/10/2026,,,Closed,,Racelis,Barangay 8,Other
136,,10/01/2026 18:13:31.000 GMT+08:00,POINT Z (121.553124297 14.114592790 489.240),14.11459279,121.5531243,343813.777,1560880.747,489.24,0,0,1,0.051,242.942,9.935,2.756,0.8,0.5,0.6,30,30,5,10/01/2026 18:13:27.000 GMT+08:00,LUC_B08_158,Maguyon Dry Goods,Retail,Yes,,"ARELLANO, Arvin L.",01/10/2026,,,open,,Racelis,Barangay 8,Grocery
137,,10/01/2026 18:15:49.000 GMT+08:00,POINT Z (121.553197610 14.114594183 482.720),14.11459418,121.5531976,343821.693,1560880.852,482.72,0,0,1,0.144,134.602,3.79,2.5,0.8,0.5,0.6,30,27,5,10/01/2026 18:15:45.000 GMT+08:00,LUC_B08_159,Pearls MPC,Retail,Yes,,"ERINCO, Raphael Joshua V.",01/10/2026,,,Open,,Racelis,Barangay 8,Grocery
138,,10/01/2026 18:16:50.000 GMT+08:00,POINT Z (121.553212763 14.114582987 483.820),14.11458299,121.5532128,343823.321,1560879.604,483.82,0,0,1,0.319,150.759,3.79,2.5,0.8,0.5,0.6,29,29,5,10/01/2026 18:16:46.000 GMT+08:00,LUC_B08_160,E&N GADGET,Personal Services,Yes,,"APOSTOL, Janelle Mae A.",01/10/2026,,,Open,,Racelis,Barangay 8,Repair Shop
139,,10/01/2026 18:17:55.000 GMT+08:00,POINT Z (121.553281327 14.114520213 485.460),14.11452021,121.5532813,343830.681,1560872.614,485.46,0,0,1,0.494,148.547,10.059,2.505,0.8,0.5,0.6,30,30,5,10/01/2026 18:17:51.000 GMT+08:00,LUC_B08_161,KMB Dog and Cat Clinic,Professional Services,Yes,,"ERINCO, Raphael Joshua V.",01/10/2026,9999416182,,Open,,Racelis,Barangay 8,Other
140,,10/01/2026 18:18:50.000 GMT+08:00,POINT Z (121.553313243 14.114478550 488.700),14.11447855,121.5533132,343834.099,1560867.983,488.7,0,0,1,0.134,78.218,3.79,2.5,0.7,0.4,0.6,31,30,5,10/01/2026 18:18:46.000 GMT+08:00,LUC_B08_162,Rural Bank of Magdalena,Financial,Yes,,"APOSTOL, Janelle Mae A.",01/10/2026,,,Open,,Racelis,Barangay 8,Bank
141,,10/01/2026 18:19:48.000 GMT+08:00,POINT Z (121.553418143 14.114457923 483.540),14.11445792,121.5534181,343845.411,1560865.632,483.54,0,0,1,0.093,7.838,3.79,2.5,0.8,0.5,0.6,30,29,5,10/01/2026 18:19:44.000 GMT+08:00,LUC_B08_163,Lotto,Other,Yes,,"APOSTOL, Janelle Mae A.",01/10/2026,,,Open,,Racelis,Barangay 8,Other
142,,10/01/2026 18:20:36.000 GMT+08:00,POINT Z (121.553435103 14.114464460 479.580),14.11446446,121.5534351,343847.246,1560866.343,479.58,0,0,1,0.041,88.61,9.935,2.5,0.8,0.5,0.6,29,29,5,10/01/2026 18:20:32.000 GMT+08:00,LUC_B08_165,Palawan,Financial,Yes,,"ARELLANO, Arvin L.",01/10/2026,,8:00am- 5:30pm,Open,,Racelis,Barangay 8,Pawnshop
