id,name,Last Name, age,contact,birthday,Address,Birthplace,gender,email
11B,Rollie Angelo,Garcia,20,9603734196,01/10/06,"Pagbilao, Quezon","Lucena City, Quezon",M,garciarollie827@gmail.com
21C,Naruto ,Uzumaki,43,2573829583,12/25/23,Konoha,Konoha,M,narutongPogo@yahoo.com
52K,Spongebob ,Squarepants,14,22795273124,04/23/55,Bikini Bottom,Pacific Ocean,M,spongebobbbb@email.am
,Junell,Voltage,24,14872834578,03/12/12,"Lucena City, Quezon","Lucena City, Quezon",M,junelllllll@gmail.com
,Kakashi,Hatake,50,27598475942,10/12/78,Konoha,Konoha,M,kakashilangto@yahoo.com
,Hinata,Uzumaki,42,13229852352,09/06/23,Konoha,Konoha,F,hinataMyLoves@make.com
,John,Stewart,,,,,,,
,Bruce,Wayne,,,,,,,
,Dianne,Sanchez,,,,,,,
,Summer,Smith,,,,,,,
,Natasha,Romanoff,,,,,,,
