ID,Remarks,Time,Geometry,Latitude,Longitude,X,Y,Elevation,Ortho Height,Instrument Ht,Fix ID,Speed,Bearing,Horizontal Accuracy,Vertical Accuracy,PDOP,HDOP,VDOP,Satellites in View,Satellites in Use,Averaged Count,Start Time,feature_id,name,category,establishment_pic,verified,remarks,collector,date_collected,contact_info,opening_hours,operating_status,location_description,barangay,street,subcategory
1.0,,10/05/2026 10:55:32.000 GMT+08:00,POINT Z (121.554031667 14.115498333 474.500),14.115498333,121.554031667,343912.36,1560980.322,474.5,0.0,0.0,1.0,0.0,190.299,1.2,10.2,0.68,0.41,0.53,49.0,49.0,6.0,10/05/2026 10:55:27.000 GMT+08:00,LUC_B06_001,RMT's Clinical Laboratory,Health,,Yes,,"Libao, Ried Carlo C.",2026-10-05,,,open,"corner of the street. connected to RRN Interactive Clinic, Skin Health Clinic, and Parinas Medical Clinic",Barangay 6,Placencia Street,Clinic
2.0,,10/05/2026 10:57:35.000 GMT+08:00,POINT Z (121.554031667 14.115498333 478.100),14.115498333,121.554031667,343912.36,1560980.322,478.1,0.0,0.0,1.0,0.0,193.944,1.5,10.6,0.64,0.39,0.51,47.0,47.0,6.0,10/05/2026 10:57:30.000 GMT+08:00,LUC_B06_002,RRN Integrative Health Clinic,Health,,Yes,,"Libao, Ried Carlo C.",2026-10-05,,9:00AM-12:00NN,open,"Corner of the street. Connected to RMT's Clinical Laboratory, Skin Health Clinic, and Parinas Health Clinic",Barangay 6,Placencia Street,Clinic
3.0,,10/05/2026 10:59:03.000 GMT+08:00,POINT Z (121.554031667 14.115498333 478.100),14.115498333,121.554031667,343912.36,1560980.322,478.1,0.0,0.0,1.0,0.0,196.568,1.3,9.5,0.65,0.4,0.51,52.0,51.0,6.0,10/05/2026 10:58:58.000 GMT+08:00,LUC_B06_003,The Skin Health Clinic,Health,,Yes,Dermatology Clinic,"Libao, Ried Carlo C.",2026-10-05,,9:30AM-1:00PM,open,"Corner of the street. Connected with RMT's Clinical Laboratory, RRN Integrative Health Clinic, and Parinas Health Clinic",Barangay 6,Placencia Street,Clinic
4.0,,10/05/2026 11:00:07.000 GMT+08:00,POINT Z (121.554031667 14.115498333 478.100),14.115498333,121.554031667,343912.36,1560980.322,478.1,0.0,0.0,1.0,0.0,188.796,1.4,9.2,0.63,0.38,0.5,51.0,49.0,7.0,10/05/2026 11:00:01.000 GMT+08:00,LUC_B06_004,Parinas Medical Clinic,Health,,Yes,,"Libao, Ried Carlo C.",2026-10-05,,,open,"Corner of the street. Connected to RRN Integrative Health Clinic, RMT's Clinical Laboratory, and The Skin Health Clinic",Barangay 6,Placencia Street,Clinic
5.0,,10/05/2026 11:01:15.000 GMT+08:00,POINT Z (121.553960000 14.115530000 478.400),14.11553,121.55396,343904.644,1560983.872,478.4,0.0,0.0,1.0,0.0,207.471,1.6,9.4,0.65,0.39,0.52,51.0,48.0,6.0,10/05/2026 11:01:10.000 GMT+08:00,LUC_B06_005,CE MARTINEZ APPAREL SHOP,Professional Sevices,,Yes,,"Libao, Ried Carlo C.",2026-10-05,,,open,,Barangay 6,La Purisima Concepcion,Sewing Shop
6.0,,10/05/2026 11:02:44.000 GMT+08:00,POINT Z (121.553963333 14.115501667 476.900),14.115501667,121.553963333,343904.984,1560980.736,476.9,0.0,0.0,1.0,0.0,210.408,1.5,10.5,0.7,0.43,0.55,47.0,45.0,6.0,10/05/2026 11:02:39.000 GMT+08:00,LUC_B06_006,Yahya's Accessories,Retail,,Yes,,"Libao, Ried Carlo C.",2026-10-05,,,open,,Barangay 6,La Purisima Concepcion,Sari-Sari Store
7.0,,10/05/2026 11:03:14.000 GMT+08:00,POINT Z (121.553918333 14.115578333 476.700),14.115578333,121.553918333,343900.178,1560989.247,476.7,0.0,0.0,1.0,0.0,281.133,1.4,10.4,0.62,0.37,0.5,53.0,49.0,6.0,10/05/2026 11:03:09.000 GMT+08:00,LUC_B06_007,Rolan's Barbershop,Personal Services,,Yes,,"Libao, Ried Carlo C.",2026-10-05,,,open,,Barangay 6,La Purisima Concepcion,Barbershop
8.0,,10/05/2026 11:03:26.000 GMT+08:00,POINT Z (121.553918333 14.115578333 476.700),14.115578333,121.553918333,343900.178,1560989.247,476.7,0.0,0.0,1.0,0.0,201.844,1.5,10.0,0.61,0.37,0.49,52.0,49.0,6.0,10/05/2026 11:03:21.000 GMT+08:00,LUC_B06_008,Jane Footwear,Retail,,Yes,,"Libao, Ried Carlo C.",2026-10-05,,,open,,Barangay 6,La Purisima Concepcion,Clothing
9.0,,10/05/2026 11:03:45.000 GMT+08:00,POINT Z (121.553840000 14.115606667 479.400),14.115606667,121.55384,343891.74,1560992.434,479.4,0.0,0.0,1.0,0.0,197.421,1.6,10.8,0.63,0.38,0.51,52.0,49.0,5.0,10/05/2026 11:03:41.000 GMT+08:00,LUC_B06_009,Diana's Fruit Stand,Retail,,Yes,,"Libao, Ried Carlo C.",2026-10-05,,,open,Corner of the street,Barangay 6,La Purisima Concepcion,Grocery
10.0,,10/05/2026 11:05:44.000 GMT+08:00,POINT Z (121.553716667 14.115657222 477.783),14.115657222,121.553716667,343878.458,1560998.108,477.783,0.0,0.0,1.0,0.067,231.702,1.5,10.4,0.62,0.38,0.5,52.0,49.0,6.0,10/05/2026 11:05:39.000 GMT+08:00,LUC_B06_010,JMR Hardware Trading,Retail,,Yes,,"Libao, Ried Carlo C.",2026-10-05,,,open,,Barangay 6,La Purisima Concepcion,Hardware Store
11.0,,10/05/2026 11:06:39.000 GMT+08:00,POINT Z (121.553651667 14.115701667 473.500),14.115701667,121.553651667,343871.471,1561003.068,473.5,0.0,0.0,1.0,0.0,217.694,1.5,13.8,0.75,0.46,0.59,42.0,39.0,7.0,10/05/2026 11:06:33.000 GMT+08:00,LUC_B06_011,Unisex SBN Tahian,Professional Sevices,,Yes,,"Libao, Ried Carlo C.",2026-10-05,,,open,,Barangay 6,La Purisima Concepcion,Sewing Shop
12.0,,10/05/2026 11:08:25.000 GMT+08:00,POINT Z (121.553541389 14.115753889 473.717),14.115753889,121.553541389,343859.6,1561008.919,473.717,0.0,0.0,1.0,0.128,203.215,1.7,18.5,0.66,0.42,0.51,50.0,47.0,6.0,10/05/2026 11:08:20.000 GMT+08:00,LUC_B06_012,Late Bite,Food and Dining,,Yes,,"Libao, Ried Carlo C.",2026-10-05,,10:00AM-:00PM,open,,Barangay 6,La Purisima Concepcion,Cafe
13.0,,10/05/2026 11:09:44.000 GMT+08:00,POINT Z (121.553529722 14.115767222 474.783),14.115767222,121.553529722,343858.35,1561010.402,474.783,0.0,0.0,1.0,0.472,225.284,1.7,12.2,0.78,0.49,0.6,46.0,44.0,6.0,10/05/2026 11:09:39.000 GMT+08:00,LUC_B06_013,Aling Pining's Threads and Buttons,Professional Sevices,,Yes,,"Libao, Ried Carlo C.",2026-10-05,,9:00am - 5:00pm,open,,Barangay 6,La Purisima Concepcion,Sewing Shop
14.0,,10/05/2026 11:11:36.000 GMT+08:00,POINT Z (121.553495000 14.115745000 474.700),14.115745,121.553495,343854.586,1561007.966,474.7,0.0,0.0,1.0,0.0,150.598,1.7,13.9,0.78,0.49,0.6,50.0,46.0,6.0,10/05/2026 11:11:31.000 GMT+08:00,LUC_B06_014,C-Bar & Restaurant,Food and Dining,,Yes,,"Libao, Ried Carlo C.",2026-10-05,,,open,,Barangay 6,La Purisima Concepcion,Bar
15.0,,10/05/2026 11:12:56.000 GMT+08:00,POINT Z (121.553398333 14.115783333 476.200),14.115783333,121.553398333,343844.175,1561012.271,476.2,0.0,0.0,2.0,0.0,215.021,1.5,14.0,0.68,0.41,0.54,49.0,45.0,6.0,10/05/2026 11:12:51.000 GMT+08:00,LUC_B06_015,Ka-inaniyo,Retail,,Yes,,"Libao, Ried Carlo C.",2026-10-05,,,open,,Barangay 6,La Purisima Concepcion,Grocery
16.0,,10/05/2026 11:16:43.000 GMT+08:00,POINT Z (121.553309722 14.115900833 473.433),14.115900833,121.553309722,343834.688,1561025.329,473.433,0.0,0.0,1.0,0.048,270.025,1.8,13.9,0.65,0.41,0.5,50.0,47.0,6.0,10/05/2026 11:16:38.000 GMT+08:00,LUC_B06_016,Dani's Fruits and Vegetables,Retail,,Yes,,"Libao, Ried Carlo C.",2026-10-05,,,open,,Barangay 6,Gen. Lukban,Grocery
17.0,,10/05/2026 11:17:52.000 GMT+08:00,POINT Z (121.553311944 14.115958611 474.183),14.115958611,121.553311944,343834.967,1561031.719,474.183,0.0,0.0,1.0,0.573,48.717,2.0,15.8,0.67,0.42,0.53,46.0,45.0,6.0,10/05/2026 11:17:47.000 GMT+08:00,LUC_B06_017,Kuya Mack's Fried Chicken,Food and Dining,,Yes,,"Libao, Ried Carlo C.",2026-10-05,,,open,,Barangay 6,Gen. Lukban,Fast Food
18.0,,10/05/2026 11:19:57.000 GMT+08:00,POINT Z (121.553115000 14.115931667 474.300),14.115931667,121.553115,343813.685,1561028.87,474.3,0.0,0.0,1.0,0.0,223.907,1.5,13.7,0.7,0.45,0.54,46.0,46.0,8.0,10/05/2026 11:19:50.000 GMT+08:00,LUC_B06_018,Aparte Law Office,Professional Sevices,,Yes,,"Libao, Ried Carlo C.",2026-10-05,(042) 540 9374,8:30AM-5:30PM,open,,Barangay 6,La Purisima Concepcion,Notary Public
19.0,,10/05/2026 11:22:04.000 GMT+08:00,POINT Z (121.553003333 14.115978333 478.700),14.115978333,121.553003333,343801.661,1561034.106,478.7,0.0,0.0,1.0,0.0,297.946,1.5,13.0,0.61,0.38,0.48,52.0,50.0,6.0,10/05/2026 11:21:59.000 GMT+08:00,LUC_B06_019,Reyes Bldg.,Accommodation,,Yes,,"Libao, Ried Carlo C.",2026-10-05,,,open,"2nd Floor, above One Day Laundry Express",Barangay 6,La Purisima Concepcion,Boarding House
20.0,,10/05/2026 11:23:09.000 GMT+08:00,POINT Z (121.552975000 14.115976667 480.800),14.115976667,121.552975,343798.601,1561033.941,480.8,0.0,0.0,1.0,0.0,165.807,1.6,10.6,0.64,0.4,0.49,50.0,48.0,6.0,10/05/2026 11:23:04.000 GMT+08:00,LUC_B06_020,One Day Express Laundry,Personal Services,,Yes,,"Libao, Ried Carlo C.",2026-10-05,,,open,,Barangay 6,La Purisima Concepcion,Laundry
21.0,,10/05/2026 11:23:58.000 GMT+08:00,POINT Z (121.552820833 14.116070278 483.417),14.116070278,121.552820833,343782.019,1561044.399,483.417,0.0,0.0,1.0,0.0,221.722,1.5,9.2,0.72,0.46,0.55,46.0,44.0,6.0,10/05/2026 11:23:53.000 GMT+08:00,LUC_B06_021,El Hombre Salon,Personal Services,,Yes,Day off on Mondays,"Libao, Ried Carlo C.",2026-10-05,09242751644,10:00AM-7:00PM,open,,Barangay 6,La Purisima Concepcion,Salon
22.0,,10/05/2026 11:25:48.000 GMT+08:00,POINT Z (121.552771667 14.116080000 474.800),14.11608,121.552771667,343776.718,1561045.508,474.8,0.0,0.0,1.0,0.0,155.631,1.4,10.0,0.64,0.39,0.5,49.0,49.0,6.0,10/05/2026 11:25:43.000 GMT+08:00,LUC_B06_022,Alakan ni Sadam,Retail,,Yes,,"Libao, Ried Carlo C.",2026-10-05,,,open,,Barangay 6,La Purisima Concepcion,Sari-Sari Store
23.0,,10/05/2026 11:28:21.000 GMT+08:00,POINT Z (121.553334167 14.116155833 475.467),14.116155833,121.553334167,343837.501,1561053.523,475.467,0.0,0.0,1.0,0.082,196.586,1.9,16.5,0.72,0.46,0.56,42.0,39.0,6.0,10/05/2026 11:28:16.000 GMT+08:00,LUC_B06_023,Nedster Computer Repair,Professional Sevices,,Yes,Hardware Repair,"Libao, Ried Carlo C.",2026-10-05,,,close,,Barangay 6,Lopez Jaena,Electronics Repair Shop
24.0,,10/05/2026 11:30:19.000 GMT+08:00,POINT Z (121.553056667 14.116313333 477.400),14.116313333,121.553056667,343807.647,1561071.131,477.4,0.0,0.0,1.0,0.0,250.596,1.5,11.2,0.74,0.47,0.57,49.0,46.0,6.0,10/05/2026 11:30:14.000 GMT+08:00,LUC_B06_024,Christ is the Answer Lucban Bethel Temple International Ministries Inc.,Other,,Yes,Church,"Libao, Ried Carlo C.",2026-10-05,,,open,,Barangay 6,Lopez Jaena,Place of Worship
25.0,,10/05/2026 11:38:26.000 GMT+08:00,POINT Z (121.553623333 14.116076667 486.700),14.116076667,121.553623333,343868.667,1561044.573,486.7,0.0,0.0,1.0,0.0,176.962,1.7,11.8,0.77,0.51,0.59,44.0,40.0,6.0,10/05/2026 11:38:21.000 GMT+08:00,LUC_B06_025,Wallybeth Crispy Pata,Food and Dining,,Yes,,"Libao, Ried Carlo C.",2026-10-05,,,open,,Barangay 6,Lopez Jaena,Restaurant
26.0,,10/05/2026 11:39:05.000 GMT+08:00,POINT Z (121.553587222 14.116126111 484.133),14.116126111,121.553587222,343864.802,1561050.066,484.133,0.0,0.0,1.0,0.044,164.128,2.0,12.7,0.76,0.48,0.59,42.0,39.0,6.0,10/05/2026 11:39:00.000 GMT+08:00,LUC_B06_026,A&S Meatshop & Frozen Goods,Food and Dining,,Yes,,"Libao, Ried Carlo C.",2026-10-05,,,open,,Barangay 6,Lopez Jaena,Grocery
27.0,,10/05/2026 11:41:42.000 GMT+08:00,POINT Z (121.553687222 14.116109167 484.600),14.116109167,121.553687222,343875.587,1561048.125,484.6,0.0,0.0,1.0,0.26,30.513,1.8,9.5,0.68,0.43,0.52,46.0,44.0,6.0,10/05/2026 11:41:37.000 GMT+08:00,LUC_B06_027,Lucban Builders Multi-Purpose Cooperative,Retail,,Yes,,"Cantos, Charlyne P.",2026-10-05,,,open,,Barangay 6,Lopez Jaena,Hardware Store
28.0,,10/05/2026 11:43:26.000 GMT+08:00,POINT Z (121.553730000 14.116008333 481.000),14.116008333,121.55373,343880.137,1561036.942,481.0,0.0,0.0,1.0,0.0,146.818,1.9,12.3,0.74,0.47,0.57,46.0,43.0,6.0,10/05/2026 11:43:21.000 GMT+08:00,LUC_B06_028,PalmCure Therapeutic Massage,Personal Services,,Yes,,"Cantos, Charlyne P.",2026-10-05,,,open,,Barangay 6,Lopez Jaena,Massage
29.0,,10/05/2026 11:52:08.000 GMT+08:00,POINT Z (121.553462500 14.116286389 471.483),14.116286389,121.5534625,343851.445,1561067.88,471.483,0.0,0.0,1.0,0.073,289.912,1.9,13.4,0.75,0.48,0.58,45.0,39.0,6.0,10/05/2026 11:52:03.000 GMT+08:00,LUC_B06_029,GOGO Car Rental & Travel Buddy,Automotive,,Yes,,"Cantos, Charlyne P.",2026-10-05,,,open,,Barangay 6,Gen. Lukban,Car Rental
30.0,,10/05/2026 11:52:59.000 GMT+08:00,POINT Z (121.553475833 14.116336389 474.250),14.116336389,121.553475833,343852.919,1561073.403,474.25,0.0,0.0,1.0,0.158,323.922,1.7,11.7,0.66,0.42,0.51,46.0,43.0,6.0,10/05/2026 11:52:54.000 GMT+08:00,LUC_B06_030,Geline's Ukay-Ukay Clothing Store #2,Retail,,Yes,,"Cantos, Charlyne P.",2026-10-05,,,open,,Barangay 6,Gen. Lukban,Clothing
31.0,,10/05/2026 11:56:48.000 GMT+08:00,POINT Z (121.554031389 14.116286389 464.267),14.116286389,121.554031389,343912.867,1561067.502,464.267,0.0,0.0,1.0,0.424,117.508,2.1,16.7,0.79,0.52,0.59,43.0,39.0,6.0,10/05/2026 11:56:42.500 GMT+08:00,LUC_B06_031,Balderosa's Sari-Sari Store,Retail,,Yes,,"Cantos, Charlyne P.",2026-10-05,,,open,,Barangay 6,Plaridel,Sari-Sari Store
32.0,,10/05/2026 11:58:12.000 GMT+08:00,POINT Z (121.554055833 14.116124722 470.283),14.116124722,121.554055833,343915.396,1561049.601,470.283,0.0,0.0,1.0,0.0,106.979,1.6,12.1,0.68,0.43,0.53,47.0,44.0,6.0,10/05/2026 11:58:07.000 GMT+08:00,LUC_B06_032,Daya's Sari-Sari Store,Retail,,Yes,,"Cantos, Charlyne P.",2026-10-05,,,open,,Barangay 6,Suarez,Sari-Sari Store
33.0,,10/05/2026 12:00:04.000 GMT+08:00,POINT Z (121.553793333 14.116296667 470.300),14.116296667,121.553793333,343887.171,1561068.798,470.3,0.0,0.0,1.0,0.0,212.833,1.6,10.0,0.75,0.5,0.55,41.0,39.0,6.0,10/05/2026 11:59:59.000 GMT+08:00,LUC_B06_033,Owel Sari-Sari Store,Retail,,Yes,,"Cantos, Charlyne P.",2026-10-05,,,open,,Barangay 6,Plaridel,Sari-Sari Store
34.0,,10/05/2026 12:04:20.000 GMT+08:00,POINT Z (121.554300000 14.116410000 470.700),14.11641,121.5543,343941.952,1561080.998,470.7,0.0,0.0,1.0,0.0,23.428,1.5,11.4,0.64,0.4,0.5,48.0,47.0,8.0,10/05/2026 12:04:13.000 GMT+08:00,LUC_B06_034,Gro-Sari,Retail,,Yes,,"Cantos, Charlyne P.",2026-10-05,,,open,,Barangay 6,Katipunan,Sari-Sari Store
35.0,,10/05/2026 12:05:16.000 GMT+08:00,POINT Z (121.554283611 14.116447222 471.017),14.116447222,121.554283611,343940.208,1561085.127,471.017,0.0,0.0,1.0,0.384,213.477,1.7,11.7,0.72,0.46,0.55,44.0,43.0,6.0,10/05/2026 12:05:11.000 GMT+08:00,LUC_B06_035,Flora Reemah,Personal Services,,Yes,,"Cantos, Charlyne P.",2026-10-05,09669431511,,open,,Barangay 6,Katipunan,Flower Shop
36.0,,10/05/2026 12:06:13.000 GMT+08:00,POINT Z (121.554326667 14.116375000 470.400),14.116375,121.554326667,343944.807,1561077.109,470.4,0.0,0.0,1.0,0.0,207.745,1.5,11.2,0.69,0.44,0.53,45.0,44.0,6.0,10/05/2026 12:06:08.000 GMT+08:00,LUC_B06_036,Help Inc. Lucban Branch,Financial,,Yes,,"Cantos, Charlyne P.",2026-10-05,,,open,,Barangay 6,Katipunan,Entrepreneurship
37.0,,10/05/2026 12:08:20.000 GMT+08:00,POINT Z (121.554349722 14.116365278 460.883),14.116365278,121.554349722,343947.29,1561076.018,460.883,0.0,0.0,1.0,0.152,66.719,2.3,19.7,0.76,0.49,0.58,40.0,39.0,6.0,10/05/2026 12:08:15.000 GMT+08:00,LUC_B06_037,Bananacue & Maruyang Parirutong,Food and Dining,,Yes,,"Cantos, Charlyne P.",2026-10-05,,,open,,Barangay 6,Katipunan,Fast Food
38.0,,10/05/2026 12:09:45.000 GMT+08:00,POINT Z (121.554548333 14.116340000 465.300),14.11634,121.554548333,343968.716,1561073.09,465.3,0.0,0.0,1.0,0.0,165.737,1.5,14.0,0.67,0.44,0.51,49.0,47.0,5.0,10/05/2026 12:09:41.000 GMT+08:00,LUC_B06_038,Gem's Variety Store,Retail,,Yes,,"Cantos, Charlyne P.",2026-10-05,,,open,,Barangay 6,Placencia Street,Sari-Sari Store
39.0,,10/05/2026 12:10:22.000 GMT+08:00,POINT Z (121.554556667 14.116395000 467.400),14.116395,121.554556667,343969.653,1561079.169,467.4,0.0,0.0,1.0,0.0,106.512,1.8,13.2,0.81,0.56,0.59,37.0,36.0,6.0,10/05/2026 12:10:17.000 GMT+08:00,LUC_B06_039,VDS Construction Services Inc.,Professional Sevices,,Yes,,"Cantos, Charlyne P.",2026-10-05,,,open,,Barangay 6,Placencia Street,Engineering Services
40.0,,10/05/2026 12:11:23.000 GMT+08:00,POINT Z (121.554624667 14.116446667 464.000),14.116446667,121.554624667,343977.03,1561084.839,464.0,0.0,0.0,1.0,0.221,112.485,1.8,19.1,0.66,0.43,0.51,45.0,44.0,5.0,10/05/2026 12:11:19.000 GMT+08:00,LUC_B06_040,Gazsey's Fashion Shop,Retail,,Yes,,"Cantos, Charlyne P.",2026-10-05,,,open,,Barangay 6,Placencia Street,Clothing
41.0,,10/05/2026 12:12:13.000 GMT+08:00,POINT Z (121.554626667 14.116470000 466.000),14.11647,121.554626667,343977.262,1561087.419,466.0,0.0,0.0,1.0,0.0,112.261,1.6,13.1,0.68,0.44,0.52,44.0,44.0,6.0,10/05/2026 12:12:08.000 GMT+08:00,LUC_B06_041,Myles Travel & Tours,Tourism,,Yes,,"Cantos, Charlyne P.",2026-10-05,09565173000,,open,,Barangay 6,Placencia Street,Tourism Service
42.0,,10/05/2026 12:14:13.000 GMT+08:00,POINT Z (121.554540000 14.116628333 470.900),14.116628333,121.55454,343968.012,1561104.993,470.9,0.0,0.0,1.0,0.0,28.512,1.4,11.3,0.64,0.41,0.5,48.0,47.0,6.0,10/05/2026 12:14:08.000 GMT+08:00,LUC_B06_042,Rosalie's Dried Flowers,Personal Services,,Yes,Flower Shop,"Inoc, Dyan Michelle N.",2026-10-05,,,open,,Barangay 6,D. Aguilar,Flower Shop
43.0,,10/05/2026 12:16:04.000 GMT+08:00,POINT Z (121.554296944 14.116708611 477.150),14.116708611,121.554296944,343941.825,1561114.035,477.15,0.0,0.0,1.0,0.062,178.89,1.5,14.3,0.72,0.45,0.56,45.0,43.0,6.0,10/05/2026 12:15:58.500 GMT+08:00,LUC_B06_043,Pavino's Residence,Accommodation,,Yes,,"Libao, Ried Carlo C.",2026-10-05,,,open,,Barangay 6,D. Aguilar,Boarding House
44.0,,10/05/2026 12:18:22.000 GMT+08:00,POINT Z (121.553878056 14.116594722 471.183),14.116594722,121.553878056,343896.522,1561101.714,471.183,0.0,0.0,1.0,0.144,346.028,1.9,17.2,0.78,0.52,0.59,37.0,35.0,6.0,10/05/2026 12:18:17.000 GMT+08:00,LUC_B06_044,Chamihan sa Banahaw,Food and Dining,,Yes,,"Inoc, Dyan Michelle N.",2026-10-05,,,open,,Barangay 6,Katipunan,Eatery
45.0,,10/05/2026 12:19:08.000 GMT+08:00,POINT Z (121.553803333 14.116603333 471.700),14.116603333,121.553803333,343888.46,1561102.717,471.7,0.0,0.0,1.0,0.0,207.812,1.7,13.8,0.68,0.45,0.51,42.0,41.0,6.0,10/05/2026 12:19:03.000 GMT+08:00,LUC_B06_045,Merkado Marketplace & More,Retail,,Yes,,"Inoc, Dyan Michelle N.",2026-10-05,,,open,,Barangay 6,Katipunan,Grocery
46.0,,10/05/2026 12:21:46.000 GMT+08:00,POINT Z (121.553603333 14.116430000 465.800),14.11643,121.553603333,343866.749,1561083.674,465.8,0.0,0.0,1.0,0.0,118.646,1.7,12.7,0.84,0.55,0.65,39.0,36.0,7.0,10/05/2026 12:21:40.000 GMT+08:00,LUC_B06_046,Helen's Pansitan,Food and Dining,,Yes,,"Libao, Ried Carlo C.",2026-10-05,,11:00AM-8:00PM,open,,Barangay 6,Gen. Lukban,Eatery
47.0,,10/05/2026 12:24:06.000 GMT+08:00,POINT Z (121.553520000 14.116710000 472.600),14.11671,121.55352,343857.942,1561114.705,472.6,0.0,0.0,1.0,0.0,211.422,1.6,9.9,0.62,0.4,0.48,49.0,48.0,5.0,10/05/2026 12:24:02.000 GMT+08:00,LUC_B06_047,MRM,Retail,,Yes,,"Inoc, Dyan Michelle N.",2026-10-05,,,open,,Barangay 6,Katipunan,Sari-Sari Store
48.0,,10/05/2026 12:27:36.000 GMT+08:00,POINT Z (121.553815833 14.117554167 461.083),14.117554167,121.553815833,343890.457,1561207.896,461.083,0.0,0.0,1.0,0.083,108.991,1.7,12.6,0.6,0.39,0.46,49.0,48.0,6.0,10/05/2026 12:27:31.000 GMT+08:00,LUC_B06_048,Abbo's Carwash and Detailing,Automotive,,Yes,Car Wash,"Inoc, Dyan Michelle N.",2026-10-05,,,open,,Barangay 6,Katipunan,Car Wash
49.0,,10/05/2026 12:29:22.000 GMT+08:00,POINT Z (121.554126389 14.117899722 460.183),14.117899722,121.554126389,343924.222,1561245.918,460.183,0.0,0.0,1.0,0.215,184.382,1.6,12.1,0.61,0.4,0.47,51.0,49.0,6.0,10/05/2026 12:29:17.000 GMT+08:00,LUC_B06_049,SKYPOD,Accommodation,,Yes,,"Inoc, Dyan Michelle N.",2026-10-05,,,open,,Barangay 6,Katipunan,Hotel
50.0,,10/05/2026 12:31:37.000 GMT+08:00,POINT Z (121.553809444 14.117495833 464.283),14.117495833,121.553809444,343889.728,1561201.447,464.283,0.0,0.0,1.0,0.793,204.466,1.6,9.5,0.61,0.39,0.47,50.0,46.0,6.0,10/05/2026 12:31:32.000 GMT+08:00,LUC_B06_050,Osolle Electrical Engineering Services,Professional Sevices,,Yes,Electrical Engineering Services,"Inoc, Dyan Michelle N.",2026-10-05,096051490480,,open,,Barangay 6,Katipunan,Engineering Services
51.0,,10/05/2026 12:33:19.000 GMT+08:00,POINT Z (121.553539762 14.116992143 467.257),14.116992143,121.553539762,343860.268,1561145.905,467.257,0.0,0.0,1.0,1.038,182.759,1.5,10.4,0.66,0.42,0.51,48.0,46.0,7.0,10/05/2026 12:33:13.000 GMT+08:00,LUC_B06_051,Racquel Sari-Sari Store,Retail,,Yes,,"Inoc, Dyan Michelle N.",2026-10-05,,,open,,Barangay 6,Katipunan,Sari-Sari Store
52.0,,10/05/2026 12:34:30.000 GMT+08:00,POINT Z (121.553269762 14.116834762 470.029),14.116834762,121.553269762,343831.01,1561128.674,470.029,0.0,0.0,1.0,0.537,200.188,1.5,10.1,0.61,0.4,0.47,51.0,49.0,7.0,10/05/2026 12:34:24.000 GMT+08:00,LUC_B06_052,Gulayan sa Banahaw,Retail,,Yes,,"Inoc, Dyan Michelle N.",2026-10-05,,,open,,Barangay 6,Katipunan,Grocery
53.0,,10/05/2026 12:35:37.000 GMT+08:00,POINT Z (121.553296667 14.116808333 471.200),14.116808333,121.553296667,343833.897,1561125.732,471.2,0.0,0.0,1.0,0.0,342.247,1.3,9.4,0.65,0.41,0.5,50.0,46.0,6.0,10/05/2026 12:35:32.000 GMT+08:00,LUC_B06_053,LV Noodle Bar,Food and Dining,,Yes,,"Inoc, Dyan Michelle N.",2026-10-05,,,open,,Barangay 6,Katipunan,Restaurant
54.0,,10/05/2026 12:36:37.000 GMT+08:00,POINT Z (121.553243333 14.117035000 470.200),14.117035,121.553243333,343828.293,1561150.843,470.2,0.0,0.0,1.0,0.0,288.372,1.5,10.6,0.75,0.47,0.59,43.0,41.0,6.0,10/05/2026 12:36:32.000 GMT+08:00,LUC_B06_054,Barangay 6 CDC,Other,,Yes,,"Inoc, Dyan Michelle N.",2026-10-05,,,open,Next to Brgy Hall,Barangay 6,Katipunan,CDC
55.0,,10/05/2026 12:37:30.000 GMT+08:00,POINT Z (121.553243333 14.117035000 470.200),14.117035,121.553243333,343828.293,1561150.843,470.2,0.0,0.0,1.0,0.0,71.677,1.4,12.7,0.66,0.44,0.49,46.0,46.0,6.0,10/05/2026 12:37:25.000 GMT+08:00,LUC_B06_055,Baby Empanada by Chef Noirs,Food and Dining,,Yes,,"Inoc, Dyan Michelle N.",2026-10-05,,,open,,Barangay 6,Katipunan,Eatery
56.0,,10/05/2026 12:38:05.000 GMT+08:00,POINT Z (121.553297143 14.117051667 471.614),14.117051667,121.553297143,343834.114,1561152.651,471.614,0.0,0.0,1.0,0.382,174.904,1.5,12.3,0.76,0.49,0.59,41.0,41.0,7.0,10/05/2026 12:37:59.000 GMT+08:00,LUC_B06_056,Chick Corner,Food and Dining,,Yes,,"Inoc, Dyan Michelle N.",2026-10-05,,,open,,Barangay 6,Katipunan,Eatery
57.0,,10/05/2026 12:39:04.000 GMT+08:00,POINT Z (121.553281667 14.117161667 469.800),14.117161667,121.553281667,343832.518,1561164.83,469.8,0.0,0.0,1.0,0.0,239.296,1.6,10.6,0.79,0.54,0.6,42.0,41.0,8.0,10/05/2026 12:38:57.000 GMT+08:00,LUC_B06_057,Bahay Pamahalaan ng Barangay 6,Government,,Yes,Closed on weekends,"Libao, Ried Carlo C.",2026-10-05,,8:00AM-5:00PM,open,,Barangay 6,Katipunan,Barangay Office
58.0,,10/05/2026 12:41:21.000 GMT+08:00,POINT Z (121.553023333 14.116910476 470.629),14.116910476,121.553023333,343804.455,1561137.214,470.629,0.0,0.0,1.0,0.454,28.524,1.8,12.9,0.6,0.39,0.45,53.0,50.0,7.0,10/05/2026 12:41:15.000 GMT+08:00,LUC_B06_058,Roda's Sari-Sari Store,Retail,,Yes,,"Inoc, Dyan Michelle N.",2026-10-05,,,open,,Barangay 6,Katipunan,Sari-Sari Store
59.0,,10/05/2026 12:43:06.000 GMT+08:00,POINT Z (121.552963333 14.117068889 469.333),14.117068889,121.552963333,343798.085,1561154.778,469.333,0.0,0.0,1.0,0.019,10.838,1.5,12.6,0.64,0.41,0.49,46.0,45.0,6.0,10/05/2026 12:43:01.000 GMT+08:00,LUC_B06_059,Banahaw TODA,Professional Sevices,,Yes,Tricycle Station,"Inoc, Dyan Michelle N.",2026-10-05,,,open,,Barangay 6,Katipunan,Transport Station
60.0,,10/05/2026 12:43:58.000 GMT+08:00,POINT Z (121.553018333 14.117273333 470.400),14.117273333,121.553018333,343804.163,1561177.359,470.4,0.0,0.0,1.0,0.0,64.334,1.5,11.2,0.79,0.5,0.61,37.0,37.0,7.0,10/05/2026 12:43:52.000 GMT+08:00,LUC_B06_060,Rhize  Beauty Salon,Personal Services,,Yes,,"Inoc, Dyan Michelle N.",2026-10-05,,,open,,Barangay 6,Katipunan,Salon
61.0,,10/05/2026 12:44:32.000 GMT+08:00,POINT Z (121.553045000 14.117352708 467.963),14.117352708,121.553045,343807.096,1561186.122,467.963,0.0,0.0,1.0,0.299,83.212,1.7,11.6,0.92,0.59,0.7,39.0,36.0,8.0,10/05/2026 12:44:25.000 GMT+08:00,LUC_B06_061,Raquel Store,Retail,,Yes,,"Inoc, Dyan Michelle N.",2026-10-05,,,open,,Barangay 6,Katipunan,Sari-Sari Store
62.0,,10/05/2026 12:45:21.000 GMT+08:00,POINT Z (121.553085000 14.117446667 468.400),14.117446667,121.553085,343811.479,1561196.49,468.4,0.0,0.0,1.0,0.0,279.633,1.6,10.9,0.79,0.52,0.6,39.0,36.0,7.0,10/05/2026 12:45:15.000 GMT+08:00,LUC_B06_062,Soul Rock Dart & Bar Bullies,Food and Dining,,Yes,Bar,"Jabrica, Junell C.",2026-10-05,,,open,,Barangay 6,Katipunan,Bar
63.0,,10/05/2026 12:48:40.000 GMT+08:00,POINT Z (121.553655238 14.116653095 468.071),14.116653095,121.553655238,343872.505,1561108.32,468.071,0.0,0.0,1.0,0.095,213.422,1.8,17.5,0.73,0.45,0.57,46.0,44.0,7.0,10/05/2026 12:48:33.500 GMT+08:00,LUC_B06_063,RNL Clothing,Retail,,Yes,,"Jabrica, Junell C.",2026-10-05,,09975966556,open,,Barangay 6,Katipunan,Clothing
64.0,,10/05/2026 12:49:38.000 GMT+08:00,POINT Z (121.553686667 14.116640000 469.500),14.11664,121.553686667,343875.889,1561106.85,469.5,0.0,0.0,1.0,0.0,132.451,1.6,10.0,0.66,0.42,0.51,47.0,45.0,6.0,10/05/2026 12:49:33.000 GMT+08:00,LUC_B06_064,Roland's Lambanog,Retail,,Yes,,"Jabrica, Junell C.",2026-10-05,,,open,,Barangay 6,Katipunan,Sari-Sari Store
65.0,,10/05/2026 12:52:26.000 GMT+08:00,POINT Z (121.554758333 14.116843333 472.800),14.116843333,121.554758333,343991.731,1561128.632,472.8,0.0,0.0,1.0,0.0,77.767,1.6,10.1,0.68,0.44,0.52,47.0,43.0,7.0,10/05/2026 12:52:20.000 GMT+08:00,LUC_B06_065,Petshop,Other,,Yes,,"Jabrica, Junell C.",2026-10-05,,,open,,Barangay 6,Katipunan,Pet Shop
66.0,,10/05/2026 12:53:37.000 GMT+08:00,POINT Z (121.554895000 14.117063333 468.400),14.117063333,121.554895,344006.637,1561152.88,468.4,0.0,0.0,1.0,0.0,54.556,1.6,11.4,0.68,0.44,0.52,44.0,44.0,7.0,10/05/2026 12:53:31.000 GMT+08:00,LUC_B06_066,BiggieTalk Global Department,Professional Sevices,,Yes,,"Jabrica, Junell C.",2026-10-05,,,open,,Barangay 6,Placencia Street,Teaching Services
67.0,,10/05/2026 12:54:23.000 GMT+08:00,POINT Z (121.554781667 14.117217500 467.933),14.1172175,121.554781667,343994.505,1561170.01,467.933,0.0,0.0,1.0,0.811,273.224,1.5,10.0,0.73,0.46,0.57,40.0,40.0,6.0,10/05/2026 12:54:18.000 GMT+08:00,LUC_B06_067,Myori's,Food and Dining,,Yes,,"Jabrica, Junell C.",2026-10-05,,,open,,Barangay 6,C. Arellano,Fast Food
68.0,,10/05/2026 12:55:29.000 GMT+08:00,POINT Z (121.554699167 14.117251389 469.767),14.117251389,121.554699167,343985.621,1561173.814,469.767,0.0,0.0,1.0,0.614,307.389,1.5,10.9,0.78,0.49,0.6,40.0,39.0,6.0,10/05/2026 12:55:24.000 GMT+08:00,LUC_B06_068,Deveza Farm,Tourism,,Yes,,"Jabrica, Junell C.",2026-10-05,,,open,,Barangay 6,C. Arellano,Tourist Attraction
