remarks,count
Not Provided,765
Water Refilling Station,2
Church,2
Closed on weekends,2
dealership,2
Closed on Saturdays,1
Long standing grocery for sari sari store,1
Water Refilling station,1
Vape Shop,1
Spa Salon,1
Animal Feeds,1
Messenger: Lailani Divina Abuel Arellano,1
Shipping Hub,1
Funeral Services,1
Footwears,1
Meat Products,1
8 students per class,1
funeral home,1
water refilling station,1
Near Multi purpose hall,1
Consumer Goods,1
digital photography & video coverage,1
Nail Salon,1
Water station,1
Dermatology Clinic,1
Day off on Mondays,1
Hardware Repair,1
Flower Shop,1
Car Wash,1
Electrical Engineering Services,1
Tricycle Station,1
Bar,1
Office related to OFWs,1
Closed on Sundays,1
Lottery,1
Event Place,1
Tile Shop/Hardware,1
Building mats store,1
loaning company,1
Rice Store,1
Veterinary,1
Pet Shop,1
Event Item Renting,1
Electronic Components Store,1
Boutiques,1
hardware,1
Music Renting,1
catering Service,1
Dentist,1
Hardware Store,1
Title Transfer and Real Estate,1
Eye Clinic,1
Home Appliances,1
Electrical Supplies,1
boutiwue,1
Shoe Store,1
Photography,1
Notary Public,1
Dealership,1
Subcategory is Others because madaming tinda,1
Convenience Store,1
law office notary,1
Fruit store,1
Raw chicken shop,1
Cooked Chicken shop,1
3rd Floor - Transient Room,1
Lutong Chicken Shop,1
No Label,1
"Residential Office at tindahan ng lambanog, open daw sila",1
"Bawal itanong ang name, wala raw yung owner, pero kind yung seller",1
general merchandise,1
School,1
lamayan/burulan malapit sa simbahan,1
court,1
Radio station,1
Event Hall,1
Ayaw sabihin name magagalitan daw si ate,1
Ukayan tapat watson,1
Ai sizzler,1
sarado na,1
Beauty products,1
Liquor,1
Chapel,1
Child care and development center,1
Meat shop,1
Beauty clinic,1
Bridal bouquet,1
Cleaning services,1
Online Store,1
Gasul,1
